state,product,date_received,sub_product,issue,sub_issu,consumer_complaint_nar,company_pub_response,company,zip_code,tags,consumer_consent_provided,submitted_via,date_sent_to_com,com_response_to_consumer,timely_response,consumer_dis,complaint_id
AA,Mortgage,9,9,9,0,3,3,9,8,3,5,9,9,9,9,6,9
AA,Checking or savings account,3,3,3,3,3,3,3,3,3,3,3,3,3,3,0,3
AA,"Credit reporting, credit repair services, or other personal consumer reports",3,3,3,3,0,0,3,3,0,3,3,3,3,3,0,3
AA,Student loan,3,3,3,2,1,0,3,3,1,1,3,3,3,3,2,3
AA,Bank account or service,2,2,2,0,0,0,2,2,1,0,2,2,2,2,2,2
AA,Credit card,2,0,2,0,1,0,2,2,1,1,2,2,2,2,2,2
AA,Debt collection,2,2,2,2,0,1,2,2,1,2,2,2,2,2,1,2
AA,Credit card or prepaid card,1,1,1,0,1,0,1,1,1,1,1,1,1,1,0,1
AE,Mortgage,106,106,106,0,38,30,106,106,71,49,106,106,106,106,88,106
AE,Debt collection,83,83,83,83,28,27,83,83,72,56,83,83,83,83,46,83
AE,"Credit reporting, credit repair services, or other personal consumer reports",82,82,82,82,36,52,82,82,71,75,82,82,82,82,0,82
AE,Credit reporting,65,0,65,65,6,22,65,65,39,22,65,65,65,65,65,65
AE,Student loan,44,44,44,40,19,4,44,44,26,35,44,44,44,44,27,44
AE,Credit card,34,0,34,0,16,11,34,34,24,19,34,34,34,34,34,34
AE,Bank account or service,33,33,33,0,7,12,33,33,18,17,33,33,33,33,33,33
AE,Credit card or prepaid card,24,24,24,24,14,17,24,24,18,22,24,24,24,24,0,24
AE,Consumer Loan,19,19,19,0,8,8,19,19,14,13,19,19,19,19,19,19
AE,Checking or savings account,11,11,11,11,7,10,11,11,7,10,11,11,11,11,0,11
AE,"Money transfer, virtual currency, or money service",9,9,9,0,5,2,9,8,7,9,9,9,9,9,0,9
AE,Vehicle loan or lease,6,6,6,6,3,3,6,6,6,6,6,6,6,6,0,6
AE,Money transfers,4,4,4,0,3,0,4,4,1,3,4,4,4,4,4,4
AE,"Payday loan, title loan, or personal loan",4,4,4,0,2,1,4,4,4,4,4,4,4,4,0,4
AE,Prepaid card,1,1,1,0,0,0,1,1,1,0,1,1,1,1,1,1
AK,Debt collection,333,333,333,333,140,88,333,285,103,211,333,333,333,333,195,333
AK,Mortgage,277,277,277,0,76,100,277,262,77,124,277,277,277,277,192,277
AK,"Credit reporting, credit repair services, or other personal consumer reports",200,200,200,189,99,108,200,173,56,177,200,200,200,200,0,200
AK,Credit reporting,170,0,170,170,27,57,170,167,52,74,170,170,170,170,170,170
AK,Credit card,133,0,133,0,27,38,133,126,28,45,133,133,133,133,133,133
AK,Bank account or service,90,90,90,0,10,26,90,87,17,21,90,90,90,90,90,90
AK,Credit card or prepaid card,79,79,79,78,41,52,79,69,14,60,79,79,79,79,0,79
AK,Student loan,77,77,77,66,39,10,77,67,14,59,77,77,77,77,43,77
AK,Checking or savings account,43,43,43,43,12,26,43,40,11,19,43,43,43,43,0,43
AK,Consumer Loan,26,26,26,0,8,8,26,24,7,11,26,26,26,26,26,26
AK,"Money transfer, virtual currency, or money service",21,21,21,0,13,3,21,19,4,20,21,21,21,21,0,21
AK,Money transfers,10,10,10,0,4,0,10,10,3,4,10,10,10,10,10,10
AK,"Payday loan, title loan, or personal loan",10,10,10,1,8,3,10,7,1,8,10,10,10,10,0,10
AK,Vehicle loan or lease,10,10,10,10,5,3,10,9,2,7,10,10,10,10,0,10
AK,Payday loan,6,0,6,0,3,3,6,6,1,4,6,6,6,6,6,6
AK,Prepaid card,5,5,5,0,2,1,5,4,0,3,5,5,5,5,5,5
AK,Other financial service,1,1,1,0,0,0,1,1,0,0,1,1,1,1,1,1
AL,"Credit reporting, credit repair services, or other personal consumer reports",4693,4693,4693,4642,2026,2728,4693,3700,563,4188,4693,4693,4693,4693,0,4693
AL,Debt collection,3474,3474,3474,3474,1432,1087,3474,2749,599,2343,3474,3474,3474,3474,1878,3474
AL,Mortgage,2351,2351,2351,0,601,697,2351,2050,403,945,2351,2351,2351,2351,1758,2351
AL,Credit reporting,1832,0,1832,1832,498,726,1832,1580,223,990,1832,1832,1832,1832,1832,1832
AL,Bank account or service,804,804,804,0,139,276,804,738,139,220,804,804,804,804,804,804
AL,Credit card,734,0,734,0,145,172,734,672,118,256,734,734,734,734,734,734
AL,Student loan,624,624,624,573,278,63,624,486,72,480,624,624,624,624,351,624
AL,Consumer Loan,522,522,522,0,171,139,522,423,89,264,522,522,522,522,522,522
AL,Credit card or prepaid card,480,480,480,471,226,227,480,365,104,368,480,480,480,480,0,480
AL,Checking or savings account,430,430,430,430,167,273,430,347,78,243,430,430,430,430,0,430
AL,"Payday loan, title loan, or personal loan",223,223,223,22,123,74,223,164,39,177,223,223,223,223,0,223
AL,Vehicle loan or lease,190,190,190,190,107,74,190,138,32,154,190,190,190,190,0,190
AL,Payday loan,107,0,107,0,28,26,107,93,18,54,107,107,107,107,107,107
AL,"Money transfer, virtual currency, or money service",90,90,90,0,51,28,90,63,24,69,90,90,90,90,0,90
AL,Prepaid card,41,41,41,0,15,8,41,36,5,28,41,41,41,41,41,41
AL,Money transfers,38,38,38,0,9,2,38,35,9,15,38,38,38,38,38,38
AL,Other financial service,14,14,14,0,1,6,14,14,3,4,14,14,14,14,14,14
AL,Virtual currency,1,1,1,0,1,1,1,0,0,1,1,1,1,1,1,1
AP,Debt collection,84,84,84,84,28,25,84,84,65,45,84,84,84,84,52,84
AP,"Credit reporting, credit repair services, or other personal consumer reports",65,65,65,61,40,39,65,65,47,65,65,65,65,65,0,65
AP,Mortgage,61,61,61,0,19,20,61,60,47,31,61,61,61,61,47,61
AP,Credit reporting,52,0,52,52,13,20,52,52,27,27,52,52,52,52,52,52
AP,Credit card,33,0,33,0,10,14,33,32,19,17,33,33,33,33,33,33
AP,Credit card or prepaid card,17,17,17,17,12,10,17,16,14,17,17,17,17,17,0,17
AP,Student loan,17,17,17,15,9,1,17,17,13,13,17,17,17,17,11,17
AP,Consumer Loan,13,13,13,0,4,6,13,13,12,9,13,13,13,13,13,13
AP,Bank account or service,12,12,12,0,3,6,12,12,10,7,12,12,12,12,12,12
AP,Checking or savings account,12,12,12,12,5,8,12,11,7,10,12,12,12,12,0,12
AP,"Money transfer, virtual currency, or money service",8,8,8,0,7,0,8,7,5,8,8,8,8,8,0,8
AP,Vehicle loan or lease,4,4,4,4,1,2,4,4,4,4,4,4,4,4,0,4
AP,Money transfers,2,2,2,0,0,1,2,2,0,2,2,2,2,2,2,2
AP,Payday loan,1,0,1,0,1,0,1,1,0,1,1,1,1,1,1,1
AR,"Credit reporting, credit repair services, or other personal consumer reports",1676,1676,1676,1629,926,972,1676,1253,214,1531,1676,1676,1676,1676,0,1676
AR,Debt collection,1516,1516,1516,1516,633,501,1516,1238,241,1068,1516,1516,1516,1516,725,1516
AR,Mortgage,1025,1025,1025,0,230,329,1025,924,198,390,1025,1025,1025,1025,773,1025
AR,Credit reporting,714,0,714,714,163,282,714,662,100,356,714,714,714,714,714,714
AR,Credit card,376,0,376,0,67,75,376,349,75,120,376,376,376,376,376,376
AR,Bank account or service,342,342,342,0,56,119,342,312,51,83,342,342,342,342,342,342
AR,Student loan,299,299,299,269,120,25,299,256,24,214,299,299,299,299,167,299
AR,Credit card or prepaid card,253,253,253,247,145,130,253,184,68,207,253,253,253,253,0,253
AR,Checking or savings account,189,189,189,189,56,140,189,167,24,89,189,189,189,189,0,189
AR,Consumer Loan,173,173,173,0,46,46,173,155,27,78,173,173,173,173,173,173
AR,Vehicle loan or lease,102,102,102,102,64,42,102,77,22,82,102,102,102,102,0,102
AR,"Payday loan, title loan, or personal loan",61,61,61,1,34,27,61,41,11,51,61,61,61,61,0,61
AR,"Money transfer, virtual currency, or money service",47,47,47,0,26,13,47,33,10,36,47,47,47,47,0,47
AR,Payday loan,24,0,24,0,4,4,24,22,6,7,24,24,24,24,24,24
AR,Money transfers,22,22,22,0,4,4,22,20,5,9,22,22,22,22,22,22
AR,Prepaid card,19,19,19,0,9,3,19,13,4,12,19,19,19,19,19,19
AR,Other financial service,7,7,7,0,1,4,7,7,1,3,7,7,7,7,7,7
AS,Bank account or service,6,6,6,0,0,1,6,6,3,0,6,6,6,6,6,6
AS,Credit card,5,0,5,0,1,2,5,5,1,1,5,5,5,5,5,5
AS,Debt collection,5,5,5,5,2,3,5,5,3,2,5,5,5,5,5,5
AS,Credit reporting,3,0,3,3,0,0,3,3,0,0,3,3,3,3,3,3
AS,Mortgage,3,3,3,0,0,1,3,3,0,0,3,3,3,3,3,3
AS,"Money transfer, virtual currency, or money service",2,2,2,0,2,2,2,2,0,2,2,2,2,2,0,2
AS,Consumer Loan,1,1,1,0,0,1,1,1,1,0,1,1,1,1,1,1
AS,Money transfers,1,1,1,0,0,0,1,1,1,0,1,1,1,1,1,1
AS,Student loan,1,1,1,1,1,0,1,1,0,1,1,1,1,1,1,1
AZ,Mortgage,6608,6608,6608,0,1466,1788,6608,6363,1202,2393,6608,6608,6608,6608,5302,6608
AZ,Debt collection,6294,6294,6294,6294,2510,2114,6294,5982,1072,4303,6294,6294,6294,6294,3552,6294
AZ,"Credit reporting, credit repair services, or other personal consumer reports",4799,4799,4799,4672,2391,2761,4799,4525,1026,4275,4799,4799,4799,4799,0,4799
AZ,Credit reporting,2805,0,2805,2805,596,1101,2805,2718,467,1411,2805,2805,2805,2805,2805,2805
AZ,Credit card,2043,0,2043,0,453,502,2043,1964,331,817,2043,2043,2043,2043,2043,2043
AZ,Bank account or service,1879,1879,1879,0,360,577,1879,1824,275,584,1879,1879,1879,1879,1879,1879
AZ,Credit card or prepaid card,1300,1300,1300,1282,633,669,1300,1190,280,941,1300,1300,1300,1300,0,1300
AZ,Checking or savings account,1132,1132,1132,1131,400,702,1132,1062,164,558,1132,1132,1132,1132,0,1132
AZ,Student loan,1083,1083,1083,985,497,143,1083,997,152,811,1083,1083,1083,1083,626,1083
AZ,Consumer Loan,796,796,796,0,266,199,796,764,143,438,796,796,796,796,796,796
AZ,Vehicle loan or lease,325,325,325,325,199,134,325,295,71,264,325,325,325,325,0,325
AZ,"Money transfer, virtual currency, or money service",257,257,257,0,140,87,257,237,47,211,257,257,257,257,0,257
AZ,"Payday loan, title loan, or personal loan",245,245,245,10,139,95,245,228,44,203,245,245,245,245,0,245
AZ,Money transfers,107,107,107,0,33,13,107,95,18,50,107,107,107,107,107,107
AZ,Payday loan,88,0,88,0,30,18,88,85,13,44,88,88,88,88,88,88
AZ,Prepaid card,76,76,76,0,33,22,76,73,12,44,76,76,76,76,76,76
AZ,Other financial service,15,15,15,0,2,7,15,15,1,4,15,15,15,15,15,15
CA,Mortgage,48532,48532,48532,0,9706,12432,48532,47284,6654,16193,48532,48532,48532,48532,39397,48532
CA,"Credit reporting, credit repair services, or other personal consumer reports",35503,35503,35503,34632,15096,20570,35503,33934,3279,31823,35503,35503,35502,35503,0,35503
CA,Debt collection,33372,33372,33372,33372,12103,10577,33372,32119,4623,21642,33372,33372,33372,33372,19299,33372
CA,Credit reporting,18119,0,18119,18119,4000,7270,18119,17644,2300,9063,18119,18119,18119,18119,18119,18119
CA,Credit card,12318,0,12318,0,2773,3127,12318,11938,1627,4606,12318,12318,12318,12318,12318,12318
CA,Bank account or service,12164,12164,12164,0,2303,3983,12164,11899,1652,3803,12164,12164,12164,12164,12164,12164
CA,Credit card or prepaid card,8964,8964,8964,8854,4646,4633,8964,8432,1239,6958,8964,8964,8964,8964,0,8964
CA,Checking or savings account,7462,7462,7462,7459,2822,4775,7462,7167,833,4099,7462,7462,7462,7462,0,7462
CA,Student loan,5715,5715,5715,5171,2681,807,5715,5398,544,4203,5715,5715,5715,5715,3395,5715
CA,Consumer Loan,3797,3797,3797,0,1220,921,3797,3656,580,2030,3797,3797,3797,3797,3797,3797
CA,"Money transfer, virtual currency, or money service",1955,1955,1955,0,1143,563,1955,1811,203,1667,1955,1955,1955,1955,0,1955
CA,Vehicle loan or lease,1642,1642,1642,1641,930,527,1642,1544,228,1315,1642,1642,1642,1642,0,1642
CA,"Payday loan, title loan, or personal loan",1422,1422,1422,97,805,462,1422,1315,258,1124,1422,1422,1422,1422,0,1422
CA,Money transfers,768,768,768,0,241,111,768,735,149,361,768,768,768,768,768,768
CA,Payday loan,693,0,693,0,238,118,693,663,123,396,693,693,693,693,693,693
CA,Prepaid card,561,561,561,0,204,185,561,542,67,353,561,561,561,561,561,561
CA,Other financial service,132,132,132,0,38,48,132,127,35,60,132,132,132,132,132,132
CO,Mortgage,5118,5118,5118,0,1227,1336,5118,4740,913,2068,5118,5118,5118,5118,4051,5118
CO,Debt collection,4212,4212,4212,4212,1586,1515,4212,3816,758,2825,4212,4212,4212,4212,2547,4212
CO,"Credit reporting, credit repair services, or other personal consumer reports",3416,3416,3416,3285,1613,1865,3416,3001,609,3011,3416,3416,3416,3416,0,3416
CO,Credit reporting,2361,0,2361,2361,455,926,2361,2267,289,1249,2361,2361,2361,2361,2361,2361
CO,Credit card,1701,0,1701,0,323,405,1701,1595,264,609,1701,1701,1701,1701,1701,1701
CO,Bank account or service,1339,1339,1339,0,248,410,1339,1265,179,410,1339,1339,1339,1339,1339,1339
CO,Student loan,1037,1037,1037,941,465,138,1037,891,113,739,1037,1037,1037,1037,562,1037
CO,Credit card or prepaid card,1031,1031,1031,1025,515,535,1031,886,168,773,1031,1031,1031,1031,0,1031
CO,Checking or savings account,740,740,740,740,262,475,740,683,96,363,740,740,740,740,0,740
CO,Consumer Loan,531,531,531,0,169,129,531,480,84,282,531,531,531,531,531,531
CO,"Money transfer, virtual currency, or money service",210,210,210,0,118,49,210,188,33,171,210,210,210,210,0,210
CO,Vehicle loan or lease,197,197,197,197,120,68,197,169,48,167,197,197,197,197,0,197
CO,"Payday loan, title loan, or personal loan",132,132,132,7,81,55,132,104,33,108,132,132,132,132,0,132
CO,Money transfers,79,79,79,0,34,11,79,69,22,47,79,79,79,79,79,79
CO,Payday loan,72,0,72,0,13,12,72,65,15,29,72,72,72,72,72,72
CO,Prepaid card,58,58,58,0,18,22,58,56,11,34,58,58,58,58,58,58
CO,Other financial service,15,15,15,0,3,7,15,14,2,7,15,15,15,15,15,15
CT,Mortgage,3612,3612,3612,0,666,886,3612,3301,413,1093,3612,3612,3612,3612,2756,3612
CT,"Credit reporting, credit repair services, or other personal consumer reports",2309,2309,2309,2242,909,1333,2309,1979,221,1993,2309,2309,2309,2309,0,2309
CT,Debt collection,2212,2212,2212,2212,777,687,2212,1908,273,1355,2212,2212,2212,2212,1315,2212
CT,Credit reporting,1416,0,1416,1416,286,596,1416,1282,140,716,1416,1416,1416,1416,1416,1416
CT,Credit card,1303,0,1303,0,251,262,1303,1202,170,403,1303,1303,1303,1303,1303,1303
CT,Bank account or service,1225,1225,1225,0,190,231,1225,1150,140,310,1225,1225,1225,1225,1225,1225
CT,Checking or savings account,857,857,857,857,321,365,857,738,112,451,857,857,857,857,0,857
CT,Student loan,844,844,844,728,377,91,844,692,72,603,844,844,844,844,524,844
CT,Credit card or prepaid card,839,839,839,824,388,380,839,686,109,568,839,839,839,839,0,839
CT,Consumer Loan,389,389,389,0,122,74,389,346,45,190,389,389,389,389,389,389
CT,"Money transfer, virtual currency, or money service",184,184,184,0,109,35,184,149,15,148,184,184,184,184,0,184
CT,Vehicle loan or lease,166,166,166,166,92,49,166,131,18,125,166,166,166,166,0,166
CT,"Payday loan, title loan, or personal loan",76,76,76,4,33,27,76,65,14,51,76,76,76,76,0,76
CT,Prepaid card,54,54,54,0,26,19,54,46,6,38,54,54,54,54,54,54
CT,Money transfers,48,48,48,0,12,6,48,44,3,22,48,48,48,48,48,48
CT,Payday loan,27,0,27,0,10,4,27,21,5,13,27,27,27,27,27,27
CT,Other financial service,8,8,8,0,2,1,8,6,1,3,8,8,8,8,8,8
DC,Mortgage,1436,1436,1436,0,333,413,1436,1340,176,568,1436,1436,1436,1436,1139,1436
DC,Debt collection,1221,1221,1221,1221,411,401,1221,1145,155,774,1221,1221,1221,1221,700,1221
DC,"Credit reporting, credit repair services, or other personal consumer reports",1215,1215,1215,1169,489,670,1215,1128,135,978,1215,1215,1215,1215,0,1215
DC,Credit reporting,696,0,696,696,122,248,696,675,63,329,696,696,696,696,696,696
DC,Bank account or service,689,689,689,0,166,209,689,650,91,245,689,689,689,689,689,689
DC,Credit card,638,0,638,0,187,180,638,599,65,287,638,638,638,638,638,638
DC,Student loan,536,536,536,475,244,48,536,482,33,386,536,536,536,536,330,536
DC,Credit card or prepaid card,355,355,355,352,175,168,355,315,52,260,355,355,355,355,0,355
DC,Checking or savings account,315,315,315,315,132,214,315,288,55,208,315,315,315,315,0,315
DC,Consumer Loan,157,157,157,0,44,42,157,149,21,81,157,157,157,157,157,157
DC,"Money transfer, virtual currency, or money service",76,76,76,0,41,26,76,66,9,65,76,76,76,76,0,76
DC,Vehicle loan or lease,70,70,70,70,40,21,70,65,13,49,70,70,70,70,0,70
DC,Money transfers,41,41,41,0,11,1,41,40,6,16,41,41,41,41,41,41
DC,"Payday loan, title loan, or personal loan",38,38,38,2,20,14,38,36,5,31,38,38,38,38,0,38
DC,Payday loan,36,0,36,0,7,4,36,34,7,15,36,36,36,36,36,36
DC,Prepaid card,29,29,29,0,7,14,29,27,1,18,29,29,29,29,29,29
DC,Other financial service,12,12,12,0,3,3,12,10,2,6,12,12,12,12,12,12
DE,Mortgage,1386,1386,1386,0,288,334,1386,1297,208,501,1386,1386,1386,1386,1067,1386
DE,Debt collection,1169,1169,1169,1169,421,386,1169,1067,164,722,1169,1169,1169,1169,718,1169
DE,"Credit reporting, credit repair services, or other personal consumer reports",1109,1109,1109,1090,497,627,1109,961,121,954,1109,1109,1109,1109,0,1109
DE,Credit reporting,650,0,650,650,160,266,650,618,62,341,650,650,650,650,650,650
DE,Credit card,578,0,578,0,110,123,578,540,81,189,578,578,578,578,578,578
DE,Bank account or service,529,529,529,0,85,95,529,506,105,138,529,529,529,529,529,529
DE,Credit card or prepaid card,372,372,372,371,176,186,372,325,65,277,372,372,372,372,0,372
DE,Checking or savings account,245,245,245,245,81,115,245,224,30,118,245,245,245,245,0,245
DE,Consumer Loan,225,225,225,0,47,49,225,209,23,86,225,225,225,225,225,225
DE,Student loan,200,200,200,181,93,29,200,168,25,138,200,200,200,200,123,200
DE,Vehicle loan or lease,69,69,69,69,34,25,69,59,6,50,69,69,69,69,0,69
DE,"Payday loan, title loan, or personal loan",62,62,62,4,40,21,62,54,8,56,62,62,62,62,0,62
DE,"Money transfer, virtual currency, or money service",38,38,38,0,27,4,38,32,6,34,38,38,38,38,0,38
DE,Payday loan,33,0,33,0,5,10,33,32,8,17,33,33,33,33,33,33
DE,Money transfers,18,18,18,0,6,0,18,14,3,9,18,18,18,18,18,18
DE,Prepaid card,16,16,16,0,9,3,16,15,0,14,16,16,16,16,16,16
DE,Other financial service,7,7,7,0,2,2,7,6,1,2,7,7,7,7,7,7
FL,"Credit reporting, credit repair services, or other personal consumer reports",37476,37476,37476,36862,15209,21916,37476,34255,3464,32935,37476,37476,37476,37476,0,37476
FL,Mortgage,30187,30187,30187,0,5582,7442,30187,28933,4788,9276,30187,30187,30187,30187,24335,30187
FL,Debt collection,26549,26549,26549,26549,10311,9214,26549,24595,4227,18038,26549,26549,26549,26549,13782,26549
FL,Credit reporting,14436,0,14436,14436,3366,5876,14436,13785,2018,6925,14436,14436,14436,14436,14436,14436
FL,Bank account or service,7900,7900,7900,0,1290,2480,7900,7632,1169,2072,7900,7900,7900,7900,7900,7900
FL,Credit card,7552,0,7552,0,1504,1792,7552,7192,1478,2550,7552,7552,7552,7552,7552,7552
FL,Credit card or prepaid card,5115,5115,5115,5071,2475,2550,5115,4534,915,3684,5115,5115,5115,5115,0,5115
FL,Checking or savings account,4749,4749,4749,4747,1690,2928,4749,4398,706,2402,4749,4749,4749,4749,0,4749
FL,Student loan,3536,3536,3536,3210,1624,407,3536,3213,377,2593,3536,3536,3536,3536,2030,3536
FL,Consumer Loan,2528,2528,2528,0,793,630,2528,2378,477,1193,2528,2528,2528,2528,2528,2528
FL,Vehicle loan or lease,1367,1367,1367,1367,748,396,1367,1230,248,1044,1367,1367,1367,1367,0,1367
FL,"Money transfer, virtual currency, or money service",972,972,972,0,584,268,972,852,154,831,972,972,972,972,0,972
FL,"Payday loan, title loan, or personal loan",722,722,722,54,394,286,722,628,140,550,722,722,722,722,0,722
FL,Money transfers,406,406,406,0,110,60,406,381,83,162,406,406,406,406,406,406
FL,Payday loan,315,0,315,0,112,54,315,294,50,185,315,315,315,315,315,315
FL,Prepaid card,240,240,240,0,85,60,240,221,29,135,240,240,240,240,240,240
FL,Other financial service,74,74,74,0,16,30,74,73,19,28,74,74,74,74,74,74
FL,Virtual currency,1,1,1,0,1,0,1,1,0,1,1,1,1,1,1,1
FM,"Credit reporting, credit repair services, or other personal consumer reports",27,27,27,21,17,15,27,20,6,27,27,27,27,27,0,27
FM,Debt collection,26,26,26,26,16,13,26,24,3,25,26,26,26,26,5,26
FM,Mortgage,17,17,17,0,6,1,17,15,4,7,17,17,17,17,13,17
FM,Credit card,11,0,11,0,5,6,11,10,5,7,11,11,11,11,11,11
FM,Credit reporting,11,0,11,11,0,6,11,11,5,5,11,11,11,11,11,11
FM,Checking or savings account,8,8,8,8,2,1,8,8,0,6,8,8,8,8,0,8
FM,Credit card or prepaid card,6,6,6,6,5,1,6,4,3,6,6,6,6,6,0,6
FM,Bank account or service,3,3,3,0,1,1,3,3,0,1,3,3,3,3,3,3
FM,Consumer Loan,1,1,1,0,1,0,1,1,1,1,1,1,1,1,1,1
FM,"Money transfer, virtual currency, or money service",1,1,1,0,0,0,1,1,0,1,1,1,1,1,0,1
FM,Money transfers,1,1,1,0,0,0,1,1,0,0,1,1,1,1,1,1
FM,Other financial service,1,1,1,0,0,0,1,1,1,0,1,1,1,1,1,1
FM,Payday loan,1,0,1,0,0,0,1,1,0,1,1,1,1,1,1,1
FM,"Payday loan, title loan, or personal loan",1,1,1,0,1,1,1,0,1,1,1,1,1,1,0,1
GA,"Credit reporting, credit repair services, or other personal consumer reports",22021,22021,22021,21470,10377,12482,22021,20463,2712,19215,22021,22021,22021,22021,0,22021
GA,Debt collection,14414,14414,14414,14414,6098,5392,14414,13669,2197,10420,14414,14414,14414,14414,6964,14414
GA,Mortgage,14336,14336,14336,0,2961,3638,14336,13912,2219,4716,14336,14336,14336,14336,11397,14336
GA,Credit reporting,7842,0,7842,7842,2166,3307,7842,7580,846,4518,7842,7842,7842,7842,7842,7842
GA,Bank account or service,3522,3522,3522,0,670,1348,3522,3452,443,1057,3522,3522,3522,3522,3522,3522
GA,Credit card,2986,0,2986,0,697,743,2986,2918,450,1177,2986,2986,2986,2986,2986,2986
GA,Checking or savings account,2175,2175,2175,2169,800,1580,2175,2077,312,1227,2175,2175,2175,2175,0,2175
GA,Student loan,2175,2175,2175,1989,984,249,2175,2051,277,1648,2175,2175,2175,2175,1320,2175
GA,Credit card or prepaid card,2099,2099,2099,2076,1137,1006,2099,1882,372,1639,2099,2099,2099,2099,0,2099
GA,Consumer Loan,1601,1601,1601,0,534,415,1601,1530,288,840,1601,1601,1601,1601,1601,1601
GA,Vehicle loan or lease,741,741,741,741,437,257,741,669,170,602,741,741,741,741,0,741
GA,"Payday loan, title loan, or personal loan",501,501,501,34,282,161,501,439,89,399,501,501,501,501,0,501
GA,"Money transfer, virtual currency, or money service",468,468,468,0,277,131,468,423,82,394,468,468,468,468,0,468
GA,Money transfers,207,207,207,0,65,27,207,203,43,91,207,207,207,207,207,207
GA,Prepaid card,193,193,193,0,71,47,193,183,22,119,193,193,193,193,193,193
GA,Payday loan,181,0,181,0,54,30,181,171,44,97,181,181,181,181,181,181
GA,Other financial service,38,38,38,0,12,10,38,34,5,18,38,38,38,38,38,38
GU,"Credit reporting, credit repair services, or other personal consumer reports",48,48,48,43,23,33,48,48,14,35,48,48,48,48,0,48
GU,Debt collection,31,31,31,31,10,10,31,31,18,21,31,31,31,31,25,31
GU,Credit reporting,22,0,22,22,12,8,22,22,7,17,22,22,22,22,22,22
GU,Mortgage,19,19,19,0,3,5,19,19,9,8,19,19,19,19,15,19
GU,Credit card or prepaid card,17,17,17,17,10,6,17,17,5,15,17,17,17,17,0,17
GU,Credit card,13,0,13,0,6,3,13,13,4,6,13,13,13,13,13,13
GU,Bank account or service,11,11,11,0,0,4,11,11,1,2,11,11,11,11,11,11
GU,"Money transfer, virtual currency, or money service",10,10,10,0,8,0,10,10,2,9,10,10,10,10,0,10
GU,Student loan,9,9,9,9,5,1,9,9,4,8,9,9,9,9,7,9
GU,Checking or savings account,8,8,8,8,2,4,8,8,1,4,8,8,8,8,0,8
GU,Consumer Loan,8,8,8,0,2,3,8,8,6,5,8,8,8,8,8,8
GU,"Payday loan, title loan, or personal loan",3,3,3,0,3,1,3,3,2,3,3,3,3,3,0,3
GU,Money transfers,1,1,1,0,0,0,1,1,0,0,1,1,1,1,1,1
GU,Vehicle loan or lease,1,1,1,1,1,1,1,1,0,1,1,1,1,1,0,1
HI,Mortgage,1078,1078,1078,0,207,288,1078,1031,232,341,1078,1078,1078,1078,900,1078
HI,"Credit reporting, credit repair services, or other personal consumer reports",853,853,853,829,519,496,853,776,136,775,853,853,853,853,0,853
HI,Debt collection,839,839,839,839,303,248,839,780,174,497,839,839,839,839,549,839
HI,Credit reporting,383,0,383,383,87,128,383,362,95,149,383,383,383,383,383,383
HI,Credit card,352,0,352,0,78,100,352,333,87,119,352,352,352,352,352,352
HI,Credit card or prepaid card,219,219,219,218,115,121,219,192,41,172,219,219,219,219,0,219
HI,Bank account or service,195,195,195,0,33,54,195,185,37,51,195,195,195,195,195,195
HI,Student loan,153,153,153,140,68,12,153,134,31,113,153,153,153,153,87,153
HI,Checking or savings account,95,95,95,95,27,45,95,92,19,45,95,95,95,95,0,95
HI,Consumer Loan,81,81,81,0,18,18,81,79,21,29,81,81,81,81,81,81
HI,"Payday loan, title loan, or personal loan",27,27,27,0,14,6,27,24,12,23,27,27,27,27,0,27
HI,Vehicle loan or lease,27,27,27,27,11,11,27,27,13,21,27,27,27,27,0,27
HI,"Money transfer, virtual currency, or money service",22,22,22,0,13,4,22,20,4,16,22,22,22,22,0,22
HI,Money transfers,16,16,16,0,7,3,16,14,8,8,16,16,16,16,16,16
HI,Payday loan,10,0,10,0,4,1,10,9,3,6,10,10,10,10,10,10
HI,Prepaid card,7,7,7,0,4,1,7,6,2,4,7,7,7,7,7,7
HI,Other financial service,1,1,1,0,1,0,1,0,0,1,1,1,1,1,1,1
IA,Debt collection,1252,1252,1252,1252,406,351,1252,1032,179,813,1252,1252,1252,1252,728,1252
IA,"Credit reporting, credit repair services, or other personal consumer reports",851,851,851,817,370,450,851,715,155,787,851,851,851,851,0,851
IA,Mortgage,851,851,851,0,207,262,851,750,146,347,851,851,851,851,642,851
IA,Credit reporting,687,0,687,687,136,295,687,624,87,398,687,687,687,687,687,687
IA,Credit card,455,0,455,0,79,88,455,411,83,151,455,455,455,455,455,455
IA,Student loan,330,330,330,291,144,57,330,258,31,227,330,330,330,330,206,330
IA,Bank account or service,277,277,277,0,45,113,277,265,39,85,277,277,277,277,277,277
IA,Credit card or prepaid card,247,247,247,241,120,111,247,184,42,183,247,247,247,247,0,247
IA,Consumer Loan,135,135,135,0,46,41,135,110,21,72,135,135,135,135,135,135
IA,Checking or savings account,133,133,133,133,49,109,133,114,12,79,133,133,133,133,0,133
IA,Vehicle loan or lease,49,49,49,49,26,18,49,33,9,38,49,49,49,49,0,49
IA,"Money transfer, virtual currency, or money service",44,44,44,0,23,7,44,30,5,34,44,44,44,44,0,44
IA,"Payday loan, title loan, or personal loan",44,44,44,0,23,18,44,31,6,35,44,44,44,44,0,44
IA,Payday loan,40,0,40,0,11,5,40,38,5,22,40,40,40,40,40,40
IA,Money transfers,23,23,23,0,9,2,23,16,1,10,23,23,23,23,23,23
IA,Prepaid card,21,21,21,0,9,7,21,18,5,14,21,21,21,21,21,21
IA,Other financial service,4,4,4,0,1,2,4,3,0,1,4,4,4,4,4,4
IA,Virtual currency,1,1,1,0,1,1,1,1,0,1,1,1,1,1,1,1
ID,Debt collection,923,923,923,923,352,309,923,835,180,574,923,923,923,923,616,923
ID,Mortgage,855,855,855,0,201,232,855,789,178,311,855,855,855,855,683,855
ID,"Credit reporting, credit repair services, or other personal consumer reports",608,608,608,587,317,342,608,546,89,528,608,608,608,608,0,608
ID,Credit reporting,489,0,489,489,113,214,489,464,52,278,489,489,489,489,489,489
ID,Credit card,341,0,341,0,62,83,341,325,58,129,341,341,341,341,341,341
ID,Bank account or service,227,227,227,0,47,82,227,213,29,79,227,227,227,227,227,227
ID,Student loan,206,206,206,184,102,28,206,185,26,152,206,206,206,206,103,206
ID,Credit card or prepaid card,179,179,179,178,71,96,179,160,43,122,179,179,179,179,0,179
ID,Checking or savings account,105,105,105,105,33,66,105,93,7,46,105,105,105,105,0,105
ID,Consumer Loan,96,96,96,0,24,25,96,88,23,52,96,96,96,96,96,96
ID,"Payday loan, title loan, or personal loan",51,51,51,1,27,28,51,47,7,40,51,51,51,51,0,51
ID,"Money transfer, virtual currency, or money service",35,35,35,0,16,6,35,29,5,29,35,35,35,35,0,35
ID,Vehicle loan or lease,30,30,30,30,16,17,30,23,4,26,30,30,30,30,0,30
ID,Payday loan,29,0,29,0,10,8,29,25,5,14,29,29,29,29,29,29
ID,Money transfers,23,23,23,0,4,4,23,19,7,13,23,23,23,23,23,23
ID,Prepaid card,7,7,7,0,4,3,7,5,1,5,7,7,7,7,7,7
ID,Other financial service,1,1,1,0,1,0,1,1,0,1,1,1,1,1,1,1
IL,"Credit reporting, credit repair services, or other personal consumer reports",13406,13406,13406,13137,5391,7888,13406,12338,1072,12043,13406,13406,13406,13406,0,13406
IL,Mortgage,9849,9849,9849,0,2214,2589,9849,9313,1324,3771,9849,9849,9849,9849,7676,9849
IL,Debt collection,9394,9394,9394,9394,3517,3052,9394,8634,988,6251,9394,9394,9394,9394,5133,9394
IL,Credit reporting,5636,0,5636,5636,1268,2430,5636,5409,453,3159,5636,5636,5636,5636,5636,5636
IL,Bank account or service,3611,3611,3611,0,671,910,3611,3491,398,1024,3611,3611,3611,3611,3611,3611
IL,Credit card,3301,0,3301,0,718,734,3301,3158,365,1240,3301,3301,3301,3301,3301,3301
IL,Checking or savings account,2273,2273,2273,2273,749,1097,2273,2126,177,1132,2273,2273,2273,2273,0,2273
IL,Credit card or prepaid card,2240,2240,2240,2225,1087,1011,2240,2042,259,1685,2240,2240,2240,2240,0,2240
IL,Student loan,2099,2099,2099,1838,949,257,2099,1850,131,1442,2099,2099,2099,2099,1258,2099
IL,Consumer Loan,1026,1026,1026,0,317,255,1026,947,136,510,1026,1026,1026,1026,1026,1026
IL,Vehicle loan or lease,450,450,450,450,229,148,450,400,55,339,450,450,450,450,0,450
IL,"Money transfer, virtual currency, or money service",440,440,440,0,264,84,440,394,40,378,440,440,440,440,0,440
IL,"Payday loan, title loan, or personal loan",393,393,393,23,215,130,393,344,43,316,393,393,393,393,0,393
IL,Money transfers,189,189,189,0,48,26,189,182,42,76,189,189,189,189,189,189
IL,Payday loan,167,0,167,0,52,29,167,150,27,82,167,167,167,167,167,167
IL,Prepaid card,155,155,155,0,53,42,155,148,13,86,155,155,155,155,155,155
IL,Other financial service,33,33,33,0,6,12,33,31,2,16,33,33,33,33,33,33
IN,Debt collection,3491,3491,3491,3491,1418,1136,3491,3072,504,2357,3491,3491,3491,3491,1960,3491
IN,"Credit reporting, credit repair services, or other personal consumer reports",3077,3077,3077,2986,1510,1749,3077,2667,486,2705,3077,3077,3077,3077,0,3077
IN,Mortgage,2639,2639,2639,0,612,632,2639,2404,414,1012,2639,2639,2639,2639,2047,2639
IN,Credit reporting,1516,0,1516,1516,315,532,1516,1421,162,682,1516,1516,1516,1516,1516,1516
IN,Student loan,1024,1024,1024,924,418,167,1024,901,69,748,1024,1024,1024,1024,647,1024
IN,Credit card,967,0,967,0,208,204,967,901,117,368,967,967,967,967,967,967
IN,Bank account or service,867,867,867,0,128,148,867,825,93,234,867,867,867,867,867,867
IN,Credit card or prepaid card,616,616,616,604,299,255,616,516,111,467,616,616,616,616,0,616
IN,Checking or savings account,473,473,473,473,171,150,473,419,64,245,473,473,473,473,0,473
IN,Consumer Loan,405,405,405,0,121,111,405,366,61,215,405,405,405,405,405,405
IN,"Payday loan, title loan, or personal loan",174,174,174,3,98,51,174,141,27,147,174,174,174,174,0,174
IN,Vehicle loan or lease,174,174,174,174,105,60,174,137,29,140,174,174,174,174,0,174
IN,"Money transfer, virtual currency, or money service",104,104,104,0,59,13,104,87,14,83,104,104,104,104,0,104
IN,Payday loan,101,0,101,0,32,24,101,84,16,62,101,101,101,101,101,101
IN,Money transfers,63,63,63,0,20,1,63,57,14,33,63,63,63,63,63,63
IN,Prepaid card,47,47,47,0,26,15,47,39,4,32,47,47,47,47,47,47
IN,Other financial service,13,13,13,0,5,5,13,10,3,6,13,13,13,13,13,13
KS,Debt collection,1608,1608,1608,1608,665,508,1608,1310,281,1000,1608,1608,1608,1608,944,1608
KS,"Credit reporting, credit repair services, or other personal consumer reports",1303,1303,1303,1261,565,766,1303,1082,178,1116,1303,1303,1303,1303,0,1303
KS,Mortgage,1030,1030,1030,0,218,288,1030,923,198,365,1030,1030,1030,1030,811,1030
KS,Credit reporting,596,0,596,596,114,215,596,536,89,252,596,596,596,596,596,596
KS,Credit card,497,0,497,0,69,98,497,467,102,155,497,497,497,497,497,497
KS,Bank account or service,373,373,373,0,62,128,373,338,40,110,373,373,373,373,373,373
KS,Student loan,350,350,350,314,168,37,350,268,30,270,350,350,350,350,208,350
KS,Credit card or prepaid card,281,281,281,276,136,129,281,225,41,220,281,281,281,281,0,281
KS,Consumer Loan,192,192,192,0,59,51,192,160,32,91,192,192,192,192,192,192
KS,Checking or savings account,190,190,190,190,51,134,190,161,23,98,190,190,190,190,0,190
KS,"Payday loan, title loan, or personal loan",80,80,80,6,47,32,80,51,10,68,80,80,80,80,0,80
KS,Vehicle loan or lease,65,65,65,65,37,25,65,45,14,50,65,65,65,65,0,65
KS,Payday loan,54,0,54,0,15,11,54,47,6,34,54,54,54,54,54,54
KS,"Money transfer, virtual currency, or money service",50,50,50,0,30,6,50,35,10,38,50,50,50,50,0,50
KS,Money transfers,23,23,23,0,8,3,23,19,5,10,23,23,23,23,23,23
KS,Prepaid card,20,20,20,0,3,9,20,18,2,12,20,20,20,20,20,20
KS,Other financial service,5,5,5,0,1,1,5,4,2,3,5,5,5,5,5,5
KY,Debt collection,2318,2318,2318,2318,897,781,2318,1978,397,1485,2318,2318,2318,2318,1313,2318
KY,"Credit reporting, credit repair services, or other personal consumer reports",1892,1892,1892,1835,888,1052,1892,1573,306,1651,1892,1892,1892,1892,0,1892
KY,Mortgage,1588,1588,1588,0,333,410,1588,1470,285,534,1588,1588,1588,1588,1260,1588
KY,Credit reporting,1085,0,1085,1085,224,428,1085,1000,146,421,1085,1085,1085,1085,1085,1085
KY,Credit card,581,0,581,0,124,121,581,533,123,200,581,581,581,581,581,581
KY,Bank account or service,538,538,538,0,77,116,538,518,72,124,538,538,538,538,538,538
KY,Student loan,477,477,477,427,222,45,477,399,54,339,477,477,477,477,263,477
KY,Credit card or prepaid card,361,361,361,356,180,150,361,307,60,265,361,361,361,361,0,361
KY,Consumer Loan,270,270,270,0,67,57,270,243,46,110,270,270,270,270,270,270
KY,Checking or savings account,258,258,258,258,87,115,258,230,33,119,258,258,258,258,0,258
KY,Vehicle loan or lease,103,103,103,102,63,31,103,83,17,82,103,103,103,103,0,103
KY,"Payday loan, title loan, or personal loan",101,101,101,2,64,42,101,67,19,83,101,101,101,101,0,101
KY,"Money transfer, virtual currency, or money service",84,84,84,0,56,15,84,68,16,73,84,84,84,84,0,84
KY,Payday loan,53,0,53,0,21,12,53,44,5,31,53,53,53,53,53,53
KY,Money transfers,37,37,37,0,11,3,37,36,10,22,37,37,37,37,37,37
KY,Prepaid card,30,30,30,0,9,6,30,28,6,19,30,30,30,30,30,30
KY,Other financial service,8,8,8,0,2,3,8,6,0,4,8,8,8,8,8,8
LA,"Credit reporting, credit repair services, or other personal consumer reports",5210,5210,5210,5136,2204,3019,5210,4593,603,4758,5210,5210,5210,5210,0,5210
LA,Debt collection,3898,3898,3898,3898,1616,1196,3898,3382,501,2815,3898,3898,3898,3898,1897,3898
LA,Mortgage,2611,2611,2611,0,636,737,2611,2442,485,1059,2611,2611,2611,2611,1910,2611
LA,Credit reporting,1735,0,1735,1735,404,661,1735,1623,268,940,1735,1735,1735,1735,1735,1735
LA,Bank account or service,704,704,704,0,129,131,704,671,108,196,704,704,704,704,704,704
LA,Credit card,655,0,655,0,132,157,655,617,114,252,655,655,655,655,655,655
LA,Student loan,552,552,552,503,244,48,552,485,59,423,552,552,552,552,341,552
LA,Credit card or prepaid card,455,455,455,449,216,203,455,392,77,332,455,455,455,455,0,455
LA,Consumer Loan,422,422,422,0,148,88,422,367,59,225,422,422,422,422,422,422
LA,Checking or savings account,412,412,412,412,125,119,412,374,64,179,412,412,412,412,0,412
LA,"Payday loan, title loan, or personal loan",198,198,198,20,122,71,198,154,32,173,198,198,198,198,0,198
LA,Vehicle loan or lease,163,163,163,163,76,49,163,135,34,119,163,163,163,163,0,163
LA,Payday loan,127,0,127,0,40,15,127,112,22,60,127,127,127,127,127,127
LA,"Money transfer, virtual currency, or money service",109,109,109,0,56,17,109,91,17,86,109,109,109,109,0,109
LA,Money transfers,57,57,57,0,15,4,57,53,8,23,57,57,57,57,57,57
LA,Prepaid card,49,49,49,0,20,12,49,42,4,32,49,49,49,49,49,49
LA,Other financial service,11,11,11,0,8,3,11,9,3,10,11,11,11,11,11,11
MA,Mortgage,6139,6139,6139,0,1349,1624,6139,5515,845,2397,6139,6139,6139,6139,4632,6139
MA,"Credit reporting, credit repair services, or other personal consumer reports",3352,3352,3352,3233,1652,1843,3352,2862,310,2989,3352,3352,3352,3352,0,3352
MA,Debt collection,3314,3314,3314,3314,1311,986,3314,2839,433,2074,3314,3314,3314,3314,1899,3314
MA,Bank account or service,2304,2304,2304,0,348,513,2304,2173,340,554,2304,2304,2304,2304,2304,2304
MA,Credit card,2285,0,2285,0,503,533,2285,2044,361,781,2285,2285,2285,2285,2285,2285
MA,Credit reporting,1986,0,1986,1986,444,785,1986,1826,212,967,1986,1986,1986,1986,1986,1986
MA,Student loan,1540,1540,1540,1315,654,140,1540,1267,115,1016,1540,1540,1540,1540,958,1540
MA,Credit card or prepaid card,1443,1443,1443,1429,771,648,1443,1152,183,1131,1443,1443,1443,1443,0,1443
MA,Checking or savings account,1034,1034,1034,1033,362,503,1034,894,102,561,1034,1034,1034,1034,1,1034
MA,Consumer Loan,449,449,449,0,136,101,449,396,64,221,449,449,449,449,449,449
MA,"Money transfer, virtual currency, or money service",257,257,257,0,151,54,257,198,27,217,257,257,257,257,0,257
MA,Vehicle loan or lease,257,257,257,257,163,78,257,193,36,214,257,257,257,257,0,257
MA,Money transfers,151,151,151,0,44,20,151,138,22,63,151,151,151,151,151,151
MA,"Payday loan, title loan, or personal loan",122,122,122,8,62,37,122,106,20,95,122,122,122,122,0,122
MA,Prepaid card,80,80,80,0,29,16,80,72,6,51,80,80,80,80,80,80
MA,Payday loan,69,0,69,0,22,13,69,61,9,40,69,69,69,69,69,69
MA,Other financial service,29,29,29,0,6,13,29,26,6,13,29,29,29,29,29,29
MA,Virtual currency,1,1,1,0,1,1,1,0,0,1,1,1,1,1,1,1
MD,Mortgage,10661,10661,10661,0,1976,2728,10661,10252,1553,3419,10661,10661,10661,10661,8458,10661
MD,Debt collection,6456,6456,6456,6456,2430,2109,6456,5982,1096,4199,6456,6456,6456,6456,3779,6456
MD,"Credit reporting, credit repair services, or other personal consumer reports",6096,6096,6096,5960,2784,3405,6096,5586,902,5280,6096,6096,6096,6096,0,6096
MD,Credit reporting,3882,0,3882,3882,898,1511,3882,3728,454,1935,3882,3882,3882,3882,3882,3882
MD,Bank account or service,2799,2799,2799,0,508,841,2799,2710,381,800,2799,2799,2799,2799,2799,2799
MD,Credit card,2621,0,2621,0,553,623,2621,2500,376,925,2621,2621,2621,2621,2621,2621
MD,Student loan,1601,1601,1601,1418,702,165,1601,1461,179,1117,1601,1601,1601,1601,991,1601
MD,Credit card or prepaid card,1486,1486,1486,1472,713,718,1486,1343,250,1080,1486,1486,1486,1486,0,1486
MD,Checking or savings account,1381,1381,1381,1381,460,974,1381,1283,199,716,1381,1381,1381,1381,0,1381
MD,Consumer Loan,1042,1042,1042,0,296,261,1042,989,145,457,1042,1042,1042,1042,1042,1042
MD,Vehicle loan or lease,426,426,426,426,218,189,426,391,78,321,426,426,426,426,0,426
MD,"Money transfer, virtual currency, or money service",299,299,299,0,171,73,299,265,48,245,299,299,299,299,0,299
MD,"Payday loan, title loan, or personal loan",252,252,252,13,138,110,252,222,54,194,252,252,252,252,0,252
MD,Money transfers,169,169,169,0,39,18,169,162,32,74,169,169,169,169,169,169
MD,Payday loan,152,0,152,0,62,37,152,147,31,94,152,152,152,152,152,152
MD,Prepaid card,105,105,105,0,38,27,105,100,11,70,105,105,105,105,105,105
MD,Other financial service,28,28,28,0,12,13,28,25,7,16,28,28,28,28,28,28
MD,Virtual currency,1,1,1,0,1,1,1,1,0,1,1,1,1,1,1,1
ME,Mortgage,943,943,943,0,186,196,943,795,153,319,943,943,943,943,770,943
ME,Debt collection,735,735,735,735,276,227,735,535,170,480,735,735,735,735,447,735
ME,Credit card,414,0,414,0,56,79,414,377,73,108,414,414,414,414,414,414
ME,"Credit reporting, credit repair services, or other personal consumer reports",385,385,385,349,203,211,385,235,65,311,385,385,385,385,0,385
ME,Credit reporting,289,0,289,289,67,92,289,233,42,129,289,289,289,289,289,289
ME,Student loan,270,270,270,236,124,26,270,175,24,186,270,270,270,270,161,270
ME,Bank account or service,258,258,258,0,31,35,258,234,50,47,258,258,258,258,258,258
ME,Credit card or prepaid card,193,193,193,190,81,98,193,128,52,132,193,193,193,193,0,193
ME,Consumer Loan,104,104,104,0,22,19,104,85,29,41,104,104,104,104,104,104
ME,Checking or savings account,93,93,93,93,34,48,93,64,22,43,93,93,93,93,0,93
ME,Vehicle loan or lease,34,34,34,34,14,12,34,22,4,21,34,34,34,34,0,34
ME,"Money transfer, virtual currency, or money service",28,28,28,0,12,5,28,22,6,26,28,28,28,28,0,28
ME,Payday loan,24,0,24,0,12,1,24,14,7,15,24,24,24,24,24,24
ME,"Payday loan, title loan, or personal loan",22,22,22,0,19,8,22,12,3,20,22,22,22,22,0,22
ME,Prepaid card,12,12,12,0,2,5,12,12,3,2,12,12,12,12,12,12
ME,Money transfers,9,9,9,0,4,0,9,6,5,6,9,9,9,9,9,9
ME,Other financial service,7,7,7,0,2,3,7,6,1,3,7,7,7,7,7,7
MH,Mortgage,10,10,10,0,1,1,10,10,2,2,10,10,10,10,10,10
MH,Debt collection,7,7,7,7,0,0,7,7,0,1,7,7,7,7,7,7
MH,Credit card,4,0,4,0,0,0,4,4,0,0,4,4,4,4,4,4
MH,Credit reporting,4,0,4,4,0,0,4,4,1,1,4,4,4,4,4,4
MH,Bank account or service,3,3,3,0,1,2,3,2,2,2,3,3,3,3,3,3
MH,Student loan,2,2,2,2,1,0,2,2,0,1,2,2,2,2,1,2
MH,Consumer Loan,1,1,1,0,0,0,1,1,0,0,1,1,1,1,1,1
MI,Mortgage,7800,7800,7800,0,1253,1400,7800,7358,1027,2114,7800,7800,7800,7800,6523,7800
MI,Debt collection,6326,6326,6326,6326,2420,1895,6326,5600,929,4173,6326,6326,6326,6326,3446,6326
MI,"Credit reporting, credit repair services, or other personal consumer reports",5950,5950,5950,5749,2654,3303,5950,5365,687,5185,5950,5950,5950,5950,0,5950
MI,Credit reporting,3099,0,3099,3099,722,1267,3099,2881,338,1575,3099,3099,3099,3099,3099,3099
MI,Bank account or service,1960,1960,1960,0,301,278,1960,1870,247,481,1960,1960,1960,1960,1960,1960
MI,Credit card,1937,0,1937,0,390,414,1937,1827,300,702,1937,1937,1937,1937,1937,1937
MI,Student loan,1641,1641,1641,1465,722,200,1641,1412,125,1106,1641,1641,1641,1641,1010,1641
MI,Credit card or prepaid card,1396,1396,1396,1384,705,632,1396,1188,216,1065,1396,1396,1396,1396,0,1396
MI,Checking or savings account,1056,1056,1056,1056,328,339,1056,974,133,499,1056,1056,1056,1056,0,1056
MI,Consumer Loan,761,761,761,0,186,189,761,699,131,329,761,761,761,761,761,761
MI,Vehicle loan or lease,312,312,312,312,162,112,312,250,44,226,312,312,312,312,0,312
MI,"Money transfer, virtual currency, or money service",258,258,258,0,140,51,258,216,39,194,258,258,258,258,0,258
MI,"Payday loan, title loan, or personal loan",223,223,223,23,111,64,223,195,24,173,223,223,223,223,0,223
MI,Payday loan,159,0,159,0,50,25,159,137,22,91,159,159,159,159,159,159
MI,Money transfers,121,121,121,0,27,8,121,112,37,49,121,121,121,121,121,121
MI,Prepaid card,108,108,108,0,44,25,108,98,7,72,108,108,108,108,108,108
MI,Other financial service,20,20,20,0,5,6,20,18,3,9,20,20,20,20,20,20
MN,Mortgage,3322,3322,3322,0,610,900,3322,3104,381,1035,3322,3322,3322,3322,2748,3322
MN,Debt collection,2475,2475,2475,2475,947,842,2475,2146,329,1554,2475,2475,2475,2475,1515,2475
MN,"Credit reporting, credit repair services, or other personal consumer reports",2108,2108,2108,2029,1000,1160,2108,1854,394,1903,2108,2108,2108,2108,0,2108
MN,Credit reporting,1318,0,1318,1318,456,534,1318,1178,239,790,1318,1318,1318,1318,1318,1318
MN,Credit card,1201,0,1201,0,259,290,1201,1130,175,459,1201,1201,1201,1201,1201,1201
MN,Bank account or service,1054,1054,1054,0,195,405,1054,982,146,330,1054,1054,1054,1054,1054,1054
MN,Student loan,901,901,901,806,419,148,901,750,64,660,901,901,901,901,530,901
MN,Credit card or prepaid card,775,775,775,769,400,418,775,644,127,593,775,775,775,775,0,775
MN,Checking or savings account,526,526,526,526,200,419,526,454,53,307,526,526,526,526,0,526
MN,Consumer Loan,290,290,290,0,81,78,290,267,48,131,290,290,290,290,290,290
MN,Vehicle loan or lease,149,149,149,149,65,55,149,124,17,112,149,149,149,149,0,149
MN,"Money transfer, virtual currency, or money service",130,130,130,0,87,48,130,90,15,111,130,130,130,130,0,130
MN,"Payday loan, title loan, or personal loan",105,105,105,6,59,43,105,90,14,87,105,105,105,105,0,105
MN,Payday loan,77,0,77,0,34,22,77,67,13,49,77,77,77,77,77,77
MN,Money transfers,73,73,73,0,13,12,73,66,10,23,73,73,73,73,73,73
MN,Prepaid card,49,49,49,0,21,12,49,38,0,30,49,49,49,49,49,49
MN,Other financial service,13,13,13,0,4,4,13,12,2,8,13,13,13,13,13,13
MN,Virtual currency,6,6,6,0,5,1,6,1,0,6,6,6,6,6,6,6
MO,"Credit reporting, credit repair services, or other personal consumer reports",5308,5308,5308,5194,2869,3108,5308,4560,415,4741,5308,5308,5308,5308,0,5308
MO,Debt collection,4219,4219,4219,4219,1627,1348,4219,3570,657,2795,4219,4219,4219,4219,2270,4219
MO,Mortgage,3525,3525,3525,0,752,912,3525,3286,599,1193,3525,3525,3525,3525,2838,3525
MO,Credit reporting,1774,0,1774,1774,428,718,1774,1657,225,924,1774,1774,1774,1774,1774,1774
MO,Credit card,1048,0,1048,0,226,235,1048,965,182,367,1048,1048,1048,1048,1048,1048
MO,Bank account or service,925,925,925,0,189,346,925,870,126,287,925,925,925,925,925,925
MO,Student loan,917,917,917,821,425,112,917,752,76,645,917,917,917,917,564,917
MO,Credit card or prepaid card,688,688,688,684,362,325,688,575,125,513,688,688,688,688,0,688
MO,Consumer Loan,554,554,554,0,178,150,554,485,108,287,554,554,554,554,554,554
MO,Checking or savings account,514,514,514,513,185,361,514,466,56,255,514,514,514,514,0,514
MO,Vehicle loan or lease,224,224,224,224,131,80,224,183,26,178,224,224,224,224,0,224
MO,"Payday loan, title loan, or personal loan",203,203,203,11,126,97,203,153,33,176,203,203,203,203,0,203
MO,Payday loan,125,0,125,0,38,22,125,112,28,77,125,125,125,125,125,125
MO,"Money transfer, virtual currency, or money service",122,122,122,0,81,35,122,94,10,106,122,122,122,122,0,122
MO,Money transfers,76,76,76,0,23,4,76,67,13,35,76,76,76,76,76,76
MO,Prepaid card,61,61,61,0,27,14,61,53,10,37,61,61,61,61,61,61
MO,Other financial service,13,13,13,0,4,5,13,11,3,5,13,13,13,13,13,13
MP,Credit reporting,7,0,7,7,2,1,7,7,0,3,7,7,7,7,7,7
MP,Debt collection,6,6,6,6,0,3,6,6,3,4,6,6,6,6,5,6
MP,Mortgage,6,6,6,0,3,3,6,5,1,4,6,6,6,6,6,6
MP,Bank account or service,5,5,5,0,0,1,5,5,1,0,5,5,5,5,5,5
MP,Student loan,4,4,4,3,1,1,4,4,1,2,4,4,4,4,4,4
MP,Credit card,3,0,3,0,0,0,3,3,1,0,3,3,3,3,3,3
MP,"Credit reporting, credit repair services, or other personal consumer reports",2,2,2,2,0,0,2,2,0,2,2,2,2,2,0,2
MP,Money transfers,1,1,1,0,1,0,1,1,0,1,1,1,1,1,1,1
MS,"Credit reporting, credit repair services, or other personal consumer reports",2463,2463,2463,2428,1277,1412,2463,1947,311,2220,2463,2463,2463,2463,0,2463
MS,Debt collection,1704,1704,1704,1704,696,540,1704,1404,319,1183,1704,1704,1704,1704,856,1704
MS,Mortgage,1135,1135,1135,0,303,332,1135,996,246,436,1135,1135,1135,1135,836,1135
MS,Credit reporting,788,0,788,788,169,286,788,712,101,372,788,788,788,788,788,788
MS,Bank account or service,363,363,363,0,56,123,363,341,76,89,363,363,363,363,363,363
MS,Student loan,335,335,335,321,157,45,335,264,35,273,335,335,335,335,150,335
MS,Credit card,324,0,324,0,53,62,324,307,61,94,324,324,324,324,324,324
MS,Consumer Loan,279,279,279,0,75,77,279,237,59,136,279,279,279,279,279,279
MS,Credit card or prepaid card,256,256,256,250,130,123,256,201,56,195,256,256,256,256,0,256
MS,Checking or savings account,161,161,161,161,53,111,161,138,35,74,161,161,161,161,0,161
MS,"Payday loan, title loan, or personal loan",127,127,127,7,71,58,127,93,21,101,127,127,127,127,0,127
MS,Vehicle loan or lease,106,106,106,106,54,43,106,85,21,86,106,106,106,106,0,106
MS,"Money transfer, virtual currency, or money service",59,59,59,0,32,16,59,46,8,51,59,59,59,59,0,59
MS,Payday loan,43,0,43,0,9,12,43,39,7,17,43,43,43,43,43,43
MS,Prepaid card,33,33,33,0,16,10,33,28,8,23,33,33,33,33,33,33
MS,Money transfers,25,25,25,0,4,3,25,24,7,10,25,25,25,25,25,25
MS,Other financial service,8,8,8,0,3,2,8,7,7,5,8,8,8,8,8,8
MT,Debt collection,533,533,533,533,210,138,533,431,118,334,533,533,533,533,333,533
MT,Mortgage,400,400,400,0,92,119,400,349,62,148,400,400,400,400,292,400
MT,"Credit reporting, credit repair services, or other personal consumer reports",325,325,325,290,143,172,325,244,65,258,325,325,325,325,0,325
MT,Credit reporting,205,0,205,205,46,67,205,178,32,98,205,205,205,205,205,205
MT,Credit card,183,0,183,0,50,38,183,159,40,78,183,183,183,183,183,183
MT,Student loan,141,141,141,126,70,23,141,109,21,101,141,141,141,141,79,141
MT,Credit card or prepaid card,102,102,102,100,52,50,102,73,31,78,102,102,102,102,0,102
MT,Bank account or service,83,83,83,0,14,24,83,76,16,18,83,83,83,83,83,83
MT,Checking or savings account,67,67,67,67,22,52,67,58,8,31,67,67,67,67,0,67
MT,Consumer Loan,49,49,49,0,23,16,49,36,10,28,49,49,49,49,49,49
MT,Vehicle loan or lease,24,24,24,24,14,9,24,18,5,21,24,24,24,24,0,24
MT,"Payday loan, title loan, or personal loan",23,23,23,0,10,12,23,17,7,17,23,23,23,23,0,23
MT,"Money transfer, virtual currency, or money service",18,18,18,0,14,2,18,11,4,17,18,18,18,18,0,18
MT,Payday loan,11,0,11,0,4,3,11,8,2,6,11,11,11,11,11,11
MT,Money transfers,8,8,8,0,2,1,8,7,5,3,8,8,8,8,8,8
MT,Prepaid card,5,5,5,0,3,0,5,3,1,3,5,5,5,5,5,5
NC,"Credit reporting, credit repair services, or other personal consumer reports",12041,12041,12041,11824,4812,6928,12041,10968,1397,10787,12041,12041,12041,12041,0,12041
NC,Mortgage,8488,8488,8488,0,1812,2374,8488,8020,1431,3068,8488,8488,8488,8488,6699,8488
NC,Debt collection,7437,7437,7437,7437,3061,2527,7437,6753,1170,5352,7437,7437,7437,7437,3662,7437
NC,Credit reporting,4208,0,4208,4208,1087,1587,4208,3938,610,2334,4208,4208,4208,4208,4208,4208
NC,Credit card,2456,0,2456,0,579,631,2456,2319,441,917,2456,2456,2456,2456,2456,2456
NC,Bank account or service,2327,2327,2327,0,440,810,2327,2228,333,670,2327,2327,2327,2327,2327,2327
NC,Credit card or prepaid card,1617,1617,1617,1603,798,838,1617,1403,345,1212,1617,1617,1617,1617,0,1617
NC,Student loan,1456,1456,1456,1336,674,196,1456,1300,161,1123,1456,1456,1456,1456,834,1456
NC,Checking or savings account,1257,1257,1257,1257,477,835,1257,1147,193,696,1257,1257,1257,1257,0,1257
NC,Consumer Loan,1137,1137,1137,0,388,332,1137,1055,218,608,1137,1137,1137,1137,1137,1137
NC,Vehicle loan or lease,539,539,539,539,299,216,539,471,111,424,539,539,539,539,0,539
NC,"Payday loan, title loan, or personal loan",302,302,302,27,168,111,302,255,69,244,302,302,302,302,0,302
NC,"Money transfer, virtual currency, or money service",263,263,263,0,138,97,263,223,40,217,263,263,263,263,0,263
NC,Money transfers,135,135,135,0,38,20,135,123,25,54,135,135,135,135,135,135
NC,Payday loan,123,0,123,0,36,22,123,114,16,60,123,123,123,123,123,123
NC,Prepaid card,108,108,108,0,50,33,108,103,18,74,108,108,108,108,108,108
NC,Other financial service,42,42,42,0,14,26,42,41,9,19,42,42,42,42,42,42
ND,"Credit reporting, credit repair services, or other personal consumer reports",329,329,329,320,254,194,329,280,132,315,329,329,329,329,0,329
ND,Debt collection,320,320,320,320,141,98,320,290,50,216,320,320,320,320,182,320
ND,Credit reporting,184,0,184,184,51,75,184,184,32,101,184,184,184,184,184,184
ND,Mortgage,149,149,149,0,34,57,149,140,14,55,149,149,149,149,117,149
ND,Credit card,77,0,77,0,23,15,77,74,10,34,77,77,77,77,77,77
ND,Bank account or service,66,66,66,0,18,21,66,62,8,30,66,66,66,66,66,66
ND,Credit card or prepaid card,63,63,63,63,33,28,63,52,11,54,63,63,63,63,0,63
ND,Student loan,59,59,59,53,33,9,59,48,8,46,59,59,59,59,24,59
ND,Consumer Loan,37,37,37,0,10,8,37,35,6,16,37,37,37,37,37,37
ND,Checking or savings account,23,23,23,23,6,16,23,21,5,13,23,23,23,23,0,23
ND,"Payday loan, title loan, or personal loan",14,14,14,1,10,6,14,12,4,13,14,14,14,14,0,14
ND,"Money transfer, virtual currency, or money service",12,12,12,0,8,3,12,9,1,11,12,12,12,12,0,12
ND,Vehicle loan or lease,9,9,9,9,5,4,9,8,2,8,9,9,9,9,0,9
ND,Money transfers,8,8,8,0,3,0,8,8,2,3,8,8,8,8,8,8
ND,Payday loan,5,0,5,0,2,0,5,5,0,4,5,5,5,5,5,5
ND,Prepaid card,4,4,4,0,1,1,4,4,0,3,4,4,4,4,4,4
ND,Other financial service,1,1,1,0,0,0,1,1,0,0,1,1,1,1,1,1
NE,Debt collection,905,905,905,905,364,234,905,761,154,591,905,905,905,905,581,905
NE,Mortgage,709,709,709,0,160,202,709,635,111,244,709,709,709,709,551,709
NE,"Credit reporting, credit repair services, or other personal consumer reports",518,518,518,498,275,295,518,422,73,451,518,518,518,518,0,518
NE,Credit card,342,0,342,0,63,68,342,310,56,119,342,342,342,342,342,342
NE,Credit reporting,307,0,307,307,64,123,307,279,46,155,307,307,307,307,307,307
NE,Bank account or service,254,254,254,0,35,70,254,243,39,60,254,254,254,254,254,254
NE,Student loan,241,241,241,210,105,35,241,180,16,163,241,241,241,241,156,241
NE,Credit card or prepaid card,191,191,191,189,94,86,191,147,43,135,191,191,191,191,0,191
NE,Checking or savings account,124,124,124,124,39,98,124,109,16,66,124,124,124,124,0,124
NE,Consumer Loan,117,117,117,0,38,18,117,101,15,63,117,117,117,117,117,117
NE,"Money transfer, virtual currency, or money service",39,39,39,0,21,18,39,26,5,28,39,39,39,39,0,39
NE,"Payday loan, title loan, or personal loan",38,38,38,0,19,16,38,28,7,32,38,38,38,38,0,38
NE,Vehicle loan or lease,37,37,37,37,16,10,37,29,5,28,37,37,37,37,0,37
NE,Payday loan,24,0,24,0,8,2,24,20,3,12,24,24,24,24,24,24
NE,Money transfers,23,23,23,0,6,1,23,20,4,10,23,23,23,23,23,23
NE,Prepaid card,15,15,15,0,7,4,15,13,2,9,15,15,15,15,15,15
NE,Other financial service,1,1,1,0,1,1,1,0,1,1,1,1,1,1,1,1
NH,Mortgage,1732,1732,1732,0,227,285,1732,1585,182,385,1732,1732,1732,1732,1472,1732
NH,Debt collection,758,758,758,758,299,195,758,584,137,483,758,758,758,758,492,758
NH,"Credit reporting, credit repair services, or other personal consumer reports",462,462,462,436,235,251,462,311,67,399,462,462,462,462,0,462
NH,Credit reporting,450,0,450,450,97,149,450,378,75,195,450,450,450,450,450,450
NH,Credit card,416,0,416,0,78,99,416,372,65,134,416,416,416,416,416,416
NH,Bank account or service,349,349,349,0,49,52,349,321,46,75,349,349,349,349,349,349
NH,Student loan,345,345,345,298,153,37,345,243,19,243,345,345,345,345,201,345
NH,Credit card or prepaid card,200,200,200,198,81,105,200,151,43,141,200,200,200,200,0,200
NH,Checking or savings account,139,139,139,139,47,53,139,118,14,73,139,139,139,139,0,139
NH,Consumer Loan,112,112,112,0,36,23,112,83,10,55,112,112,112,112,112,112
NH,Vehicle loan or lease,62,62,62,62,30,11,62,42,6,43,62,62,62,62,0,62
NH,"Money transfer, virtual currency, or money service",32,32,32,0,17,6,32,21,3,28,32,32,32,32,0,32
NH,Payday loan,23,0,23,0,4,4,23,21,2,8,23,23,23,23,23,23
NH,"Payday loan, title loan, or personal loan",22,22,22,2,12,5,22,14,1,16,22,22,22,22,0,22
NH,Money transfers,17,17,17,0,8,0,17,14,4,11,17,17,17,17,17,17
NH,Prepaid card,14,14,14,0,4,3,14,12,3,9,14,14,14,14,14,14
NH,Other financial service,9,9,9,0,5,3,9,6,1,5,9,9,9,9,9,9
NJ,Mortgage,13616,13616,13616,0,2450,3677,13616,12718,1404,4405,13616,13616,13616,13616,10580,13616
NJ,"Credit reporting, credit repair services, or other personal consumer reports",8508,8508,8508,8324,3228,4964,8508,7472,676,6601,8508,8508,8508,8508,0,8508
NJ,Debt collection,8442,8442,8442,8442,2829,2962,8442,7589,960,4942,8442,8442,8442,8442,4706,8442
NJ,Credit reporting,4195,0,4195,4195,1038,1635,4195,3946,404,2014,4195,4195,4195,4195,4195,4195
NJ,Bank account or service,4074,4074,4074,0,631,992,4074,3867,460,994,4074,4074,4074,4074,4074,4074
NJ,Credit card,3894,0,3894,0,837,836,3894,3582,456,1327,3894,3894,3894,3894,3894,3894
NJ,Credit card or prepaid card,2328,2328,2328,2315,1091,995,2328,1905,284,1629,2328,2328,2328,2328,0,2328
NJ,Student loan,2030,2030,2030,1766,845,270,2030,1739,155,1363,2030,2030,2030,2030,1307,2030
NJ,Checking or savings account,1987,1987,1987,1984,760,917,1987,1728,190,1095,1987,1987,1987,1987,0,1987
NJ,Consumer Loan,1217,1217,1217,0,293,261,1217,1117,144,454,1217,1217,1217,1217,1217,1217
NJ,Vehicle loan or lease,607,607,607,606,295,175,607,511,56,393,607,607,607,607,0,607
NJ,"Money transfer, virtual currency, or money service",423,423,423,0,243,92,423,326,40,358,423,423,423,423,0,423
NJ,"Payday loan, title loan, or personal loan",279,279,279,13,134,109,279,229,33,194,279,279,279,279,0,279
NJ,Money transfers,201,201,201,0,58,25,201,184,31,93,201,201,201,201,201,201
NJ,Payday loan,164,0,164,0,29,40,164,157,16,61,164,164,164,164,164,164
NJ,Prepaid card,144,144,144,0,59,23,144,128,16,87,144,144,144,144,144,144
NJ,Other financial service,35,35,35,0,9,10,35,33,5,12,35,35,35,35,35,35
NJ,Virtual currency,2,2,2,0,1,1,2,2,0,1,2,2,2,2,2,2
NM,Debt collection,1288,1288,1288,1288,435,350,1288,1179,271,783,1288,1288,1288,1288,824,1288
NM,Mortgage,1142,1142,1142,0,251,303,1142,1075,245,414,1142,1142,1142,1142,896,1142
NM,"Credit reporting, credit repair services, or other personal consumer reports",1000,1000,1000,964,575,568,1000,902,166,894,1000,1000,1000,1000,0,1000
NM,Credit reporting,919,0,919,919,321,377,919,885,130,457,919,919,919,919,919,919
NM,Credit card,396,0,396,0,82,97,396,368,97,127,396,396,396,396,396,396
NM,Bank account or service,356,356,356,0,43,101,356,350,78,80,356,356,356,356,356,356
NM,Credit card or prepaid card,227,227,227,225,100,109,227,199,55,161,227,227,227,227,0,227
NM,Student loan,213,213,213,188,97,27,213,192,37,140,213,213,213,213,130,213
NM,Consumer Loan,163,163,163,0,54,43,163,144,41,84,163,163,163,163,163,163
NM,Checking or savings account,153,153,153,153,68,100,153,145,30,89,153,153,153,153,0,153
NM,"Payday loan, title loan, or personal loan",50,50,50,4,27,14,50,45,12,41,50,50,50,50,0,50
NM,Payday loan,45,0,45,0,16,8,45,40,9,23,45,45,45,45,45,45
NM,"Money transfer, virtual currency, or money service",40,40,40,0,24,14,40,32,14,37,40,40,40,40,0,40
NM,Vehicle loan or lease,40,40,40,40,20,11,40,37,7,32,40,40,40,40,0,40
NM,Money transfers,35,35,35,0,12,3,35,29,9,14,35,35,35,35,35,35
NM,Prepaid card,13,13,13,0,4,3,13,10,5,6,13,13,13,13,13,13
NM,Other financial service,5,5,5,0,2,2,5,5,1,2,5,5,5,5,5,5
NV,"Credit reporting, credit repair services, or other personal consumer reports",4054,4054,4054,3964,2217,2370,4054,3795,607,3574,4054,4054,4054,4054,0,4054
NV,Debt collection,3750,3750,3750,3750,1517,1353,3750,3573,647,2565,3750,3750,3750,3750,1941,3750
NV,Mortgage,3416,3416,3416,0,789,1022,3416,3268,667,1245,3416,3416,3416,3416,2664,3416
NV,Credit reporting,1916,0,1916,1916,535,829,1916,1867,352,959,1916,1916,1916,1916,1916,1916
NV,Bank account or service,1064,1064,1064,0,218,414,1064,1041,191,330,1064,1064,1064,1064,1064,1064
NV,Credit card,1007,0,1007,0,223,253,1007,976,191,377,1007,1007,1007,1007,1007,1007
NV,Credit card or prepaid card,755,755,755,746,379,381,755,699,155,556,755,755,755,755,0,755
NV,Checking or savings account,754,754,754,753,262,542,754,719,117,374,754,754,754,754,0,754
NV,Student loan,409,409,409,373,174,49,409,389,41,281,409,409,409,409,223,409
NV,Consumer Loan,397,397,397,0,138,117,397,382,68,232,397,397,397,397,397,397
NV,Vehicle loan or lease,201,201,201,201,119,63,201,184,34,167,201,201,201,201,0,201
NV,"Payday loan, title loan, or personal loan",159,159,159,16,81,55,159,150,29,129,159,159,159,159,0,159
NV,"Money transfer, virtual currency, or money service",157,157,157,0,93,50,157,141,31,130,157,157,157,157,0,157
NV,Payday loan,103,0,103,0,31,14,103,97,15,53,103,103,103,103,103,103
NV,Money transfers,67,67,67,0,24,13,67,63,16,35,67,67,67,67,67,67
NV,Prepaid card,57,57,57,0,26,16,57,56,10,39,57,57,57,57,57,57
NV,Other financial service,9,9,9,0,2,5,9,9,2,4,9,9,9,9,9,9
NY,"Credit reporting, credit repair services, or other personal consumer reports",19800,19800,19800,19345,7245,11745,19800,18045,1465,17138,19800,19800,19800,19800,0,19800
NY,Mortgage,18624,18624,18624,0,3059,4549,18624,17382,1864,6159,18624,18624,18624,18624,14492,18624
NY,Debt collection,15054,15054,15054,15054,4213,5193,15054,13936,1436,8724,15054,15054,15054,15054,8290,15054
NY,Credit reporting,8848,0,8848,8848,1727,3547,8848,8471,878,4234,8848,8848,8848,8848,8848,8848
NY,Credit card,8271,0,8271,0,1625,1842,8271,7884,1076,2877,8271,8271,8271,8271,8271,8271
NY,Bank account or service,7608,7608,7608,0,1175,1398,7608,7356,911,2087,7608,7608,7608,7608,7608,7608
NY,Credit card or prepaid card,5313,5313,5313,5272,2285,2287,5313,4807,538,3696,5313,5313,5313,5313,0,5313
NY,Checking or savings account,4507,4507,4507,4503,1375,1707,4507,4233,404,2252,4507,4507,4507,4507,0,4507
NY,Student loan,4167,4167,4167,3591,1724,438,4167,3677,235,2810,4167,4167,4167,4167,2544,4167
NY,Consumer Loan,1614,1614,1614,0,343,323,1614,1503,201,649,1614,1614,1614,1614,1614,1614
NY,"Money transfer, virtual currency, or money service",1013,1013,1013,0,522,164,1013,911,75,847,1013,1013,1013,1013,0,1013
NY,Vehicle loan or lease,786,786,786,785,374,226,786,679,81,568,786,786,786,786,0,786
NY,Money transfers,440,440,440,0,114,51,440,415,69,186,440,440,440,440,440,440
NY,"Payday loan, title loan, or personal loan",277,277,277,17,120,104,277,256,24,178,277,277,277,277,0,277
NY,Prepaid card,249,249,249,0,90,36,249,225,24,155,249,249,249,249,249,249
NY,Other financial service,95,95,95,0,29,27,95,90,19,45,95,95,95,95,95,95
NY,Payday loan,84,0,84,0,16,19,84,78,8,27,84,84,84,84,84,84
OH,Debt collection,8678,8678,8678,8678,3513,2706,8678,7687,1148,5668,8678,8678,8678,8678,4888,8678
OH,"Credit reporting, credit repair services, or other personal consumer reports",7628,7628,7628,7354,3828,4215,7628,6797,753,6649,7628,7628,7628,7628,0,7628
OH,Mortgage,7570,7570,7570,0,1451,1555,7570,7086,1215,2361,7570,7570,7570,7570,6139,7570
OH,Credit reporting,3642,0,3642,3642,892,1402,3642,3425,498,1795,3642,3642,3642,3642,3642,3642
OH,Credit card,3047,0,3047,0,559,638,3047,2869,487,989,3047,3047,3047,3047,3047,3047
OH,Bank account or service,2683,2683,2683,0,462,306,2683,2549,406,745,2683,2683,2683,2683,2683,2683
OH,Student loan,2233,2233,2233,1973,920,240,2233,1921,195,1533,2233,2233,2233,2233,1382,2233
OH,Credit card or prepaid card,1974,1974,1974,1953,785,818,1974,1708,360,1378,1974,1974,1974,1974,0,1974
OH,Checking or savings account,1559,1559,1559,1557,516,355,1559,1418,211,797,1559,1559,1559,1559,0,1559
OH,Consumer Loan,1228,1228,1228,0,318,283,1228,1132,226,528,1228,1228,1228,1228,1228,1228
OH,"Payday loan, title loan, or personal loan",525,525,525,27,212,154,525,438,169,321,525,525,525,525,0,525
OH,Vehicle loan or lease,443,443,443,443,228,156,443,382,81,324,443,443,443,443,0,443
OH,"Money transfer, virtual currency, or money service",314,314,314,0,174,47,314,261,44,246,314,314,314,314,0,314
OH,Payday loan,314,0,314,0,94,69,314,279,56,174,314,314,314,314,314,314
OH,Prepaid card,150,150,150,0,50,43,150,136,19,87,150,150,150,150,150,150
OH,Money transfers,143,143,143,0,28,8,143,138,34,50,143,143,143,143,143,143
OH,Other financial service,38,38,38,0,11,9,38,34,8,20,38,38,38,38,38,38
OK,Debt collection,2360,2360,2360,2360,866,669,2360,2025,438,1412,2360,2360,2360,2360,1388,2360
OK,Mortgage,1528,1528,1528,0,369,410,1528,1395,291,620,1528,1528,1528,1528,1161,1528
OK,"Credit reporting, credit repair services, or other personal consumer reports",1324,1324,1324,1279,598,702,1324,1081,245,1116,1324,1324,1324,1324,0,1324
OK,Credit reporting,982,0,982,982,202,367,982,897,178,438,982,982,982,982,982,982
OK,Credit card,552,0,552,0,115,115,552,517,107,201,552,552,552,552,552,552
OK,Student loan,384,384,384,346,162,41,384,318,47,262,384,384,384,384,219,384
OK,Credit card or prepaid card,373,373,373,364,176,161,373,313,93,281,373,373,373,373,0,373
OK,Bank account or service,364,364,364,0,51,81,364,348,67,78,364,364,364,364,364,364
OK,Consumer Loan,302,302,302,0,94,77,302,264,57,150,302,302,302,302,302,302
OK,Checking or savings account,211,211,211,211,79,110,211,183,27,108,211,211,211,211,0,211
OK,Payday loan,106,0,106,0,38,19,106,90,18,61,106,106,106,106,106,106
OK,Vehicle loan or lease,99,99,99,99,60,41,99,76,22,76,99,99,99,99,0,99
OK,"Payday loan, title loan, or personal loan",98,98,98,7,59,26,98,74,20,80,98,98,98,98,0,98
OK,"Money transfer, virtual currency, or money service",69,69,69,0,40,19,69,55,19,55,69,69,69,69,0,69
OK,Money transfers,37,37,37,0,8,1,37,33,8,12,37,37,37,37,37,37
OK,Prepaid card,28,28,28,0,13,8,28,20,5,19,28,28,28,28,28,28
OK,Other financial service,7,7,7,0,2,2,7,5,1,3,7,7,7,7,7,7
OR,Mortgage,3416,3416,3416,0,731,963,3416,3192,533,1211,3416,3416,3416,3416,2798,3416
OR,Debt collection,2724,2724,2724,2724,892,837,2724,2496,475,1458,2724,2724,2724,2724,1834,2724
OR,"Credit reporting, credit repair services, or other personal consumer reports",1504,1504,1504,1355,729,749,1504,1308,181,1319,1504,1504,1504,1504,0,1504
OR,Credit reporting,1368,0,1368,1368,260,484,1368,1293,251,587,1368,1368,1368,1368,1368,1368
OR,Credit card,1102,0,1102,0,229,313,1102,1050,193,383,1102,1102,1102,1102,1102,1102
OR,Bank account or service,1050,1050,1050,0,193,343,1050,980,159,298,1050,1050,1050,1050,1050,1050
OR,Student loan,758,758,758,683,343,96,758,673,64,532,758,758,758,758,443,758
OR,Credit card or prepaid card,737,737,737,727,326,395,737,644,124,501,737,737,737,737,0,737
OR,Checking or savings account,494,494,494,494,170,301,494,450,68,230,494,494,494,494,0,494
OR,Consumer Loan,286,286,286,0,77,74,286,272,61,127,286,286,286,286,286,286
OR,"Money transfer, virtual currency, or money service",158,158,158,0,88,40,158,113,42,129,158,158,158,158,0,158
OR,"Payday loan, title loan, or personal loan",99,99,99,2,57,38,99,78,21,85,99,99,99,99,0,99
OR,Vehicle loan or lease,68,68,68,68,39,14,68,63,9,56,68,68,68,68,0,68
OR,Payday loan,56,0,56,0,19,10,56,52,8,32,56,56,56,56,56,56
OR,Money transfers,49,49,49,0,14,7,49,45,9,24,49,49,49,49,49,49
OR,Prepaid card,47,47,47,0,15,13,47,43,9,25,47,47,47,47,47,47
OR,Other financial service,18,18,18,0,7,8,18,15,4,9,18,18,18,18,18,18
PA,Mortgage,9755,9755,9755,0,2144,2591,9755,8830,1369,3723,9755,9755,9755,9755,7616,9755
PA,"Credit reporting, credit repair services, or other personal consumer reports",9318,9318,9318,9132,3959,5277,9318,8148,1107,7558,9318,9318,9318,9318,0,9318
PA,Debt collection,8255,8255,8255,8255,3239,2487,8255,6960,1196,5300,8255,8255,8255,8255,4817,8255
PA,Credit reporting,4447,0,4447,4447,899,1658,4447,4036,506,1962,4447,4447,4447,4447,4447,4447
PA,Bank account or service,3698,3698,3698,0,570,752,3698,3464,531,943,3698,3698,3698,3698,3698,3698
PA,Credit card,3443,0,3443,0,751,808,3443,3134,448,1291,3443,3443,3443,3443,3443,3443
PA,Student loan,2941,2941,2941,2580,1251,289,2941,2393,203,2020,2941,2941,2941,2941,1818,2941
PA,Credit card or prepaid card,2146,2146,2146,2124,1047,928,2146,1736,314,1594,2146,2146,2146,2146,0,2146
PA,Checking or savings account,1943,1943,1943,1943,641,770,1943,1692,199,945,1943,1943,1943,1943,0,1943
PA,Consumer Loan,1152,1152,1152,0,311,257,1152,1024,184,498,1152,1152,1152,1152,1152,1152
PA,Vehicle loan or lease,487,487,487,487,273,149,487,377,84,388,487,487,487,487,0,487
PA,"Money transfer, virtual currency, or money service",389,389,389,0,224,84,389,301,43,317,389,389,389,389,0,389
PA,"Payday loan, title loan, or personal loan",302,302,302,15,159,107,302,228,40,228,302,302,302,302,0,302
PA,Money transfers,193,193,193,0,54,19,193,177,38,90,193,193,193,193,193,193
PA,Payday loan,165,0,165,0,37,27,165,147,25,63,165,165,165,165,165,165
PA,Prepaid card,132,132,132,0,48,28,132,117,13,69,132,132,132,132,132,132
PA,Other financial service,45,45,45,0,13,20,45,40,7,25,45,45,45,45,45,45
PA,Virtual currency,2,2,2,0,2,1,2,2,0,2,2,2,2,2,2,2
PR,"Credit reporting, credit repair services, or other personal consumer reports",639,639,639,621,267,425,639,636,77,482,639,639,639,639,0,639
PR,Credit reporting,625,0,625,625,111,231,625,624,87,248,625,625,625,625,625,625
PR,Debt collection,565,565,565,565,169,149,565,564,85,310,565,565,565,565,348,565
PR,Mortgage,543,543,543,0,105,231,543,542,98,236,543,543,543,543,346,543
PR,Credit card,329,0,329,0,47,79,329,329,41,89,329,329,329,329,329,329
PR,Bank account or service,268,268,268,0,25,89,268,268,29,60,268,268,268,268,268,268
PR,Credit card or prepaid card,188,188,188,187,53,101,188,188,36,116,188,188,188,188,0,188
PR,Student loan,102,102,102,91,44,11,102,102,11,73,102,102,102,102,63,102
PR,Consumer Loan,90,90,90,0,18,21,90,90,12,39,90,90,90,90,90,90
PR,Checking or savings account,88,88,88,88,15,38,88,88,16,35,88,88,88,88,0,88
PR,Vehicle loan or lease,34,34,34,33,9,19,34,34,5,18,34,34,34,34,0,34
PR,"Money transfer, virtual currency, or money service",15,15,15,0,9,4,15,15,1,11,15,15,15,15,0,15
PR,"Payday loan, title loan, or personal loan",15,15,15,0,6,6,15,15,4,10,15,15,15,15,0,15
PR,Money transfers,12,12,12,0,5,2,12,12,1,5,12,12,12,12,12,12
PR,Payday loan,6,0,6,0,1,1,6,6,1,1,6,6,6,6,6,6
PR,Other financial service,4,4,4,0,1,2,4,4,0,2,4,4,4,4,4,4
PR,Prepaid card,3,3,3,0,1,0,3,3,0,1,3,3,3,3,3,3
PW,Mortgage,5,5,5,0,1,2,5,5,1,2,5,5,5,5,5,5
PW,Credit reporting,3,0,3,3,0,1,3,3,0,1,3,3,3,3,3,3
PW,Credit card,2,0,2,0,0,0,2,2,0,0,2,2,2,2,2,2
PW,Bank account or service,1,1,1,0,0,0,1,1,0,0,1,1,1,1,1,1
PW,Consumer Loan,1,1,1,0,0,0,1,1,0,0,1,1,1,1,1,1
PW,Student loan,1,1,1,1,0,0,1,1,0,0,1,1,1,1,1,1
RI,Mortgage,943,943,943,0,161,261,943,886,109,408,943,943,943,943,701,943
RI,Debt collection,668,668,668,668,228,177,668,629,105,393,668,668,668,668,408,668
RI,"Credit reporting, credit repair services, or other personal consumer reports",554,554,554,540,218,310,554,510,47,489,554,554,554,554,0,554
RI,Bank account or service,388,388,388,0,59,61,388,364,51,88,388,388,388,388,388,388
RI,Credit card,343,0,343,0,83,79,343,317,66,124,343,343,343,343,343,343
RI,Credit reporting,307,0,307,307,47,77,307,287,40,106,307,307,307,307,307,307
RI,Credit card or prepaid card,209,209,209,208,111,96,209,177,39,156,209,209,209,209,0,209
RI,Checking or savings account,182,182,182,182,45,70,182,174,19,68,182,182,182,182,0,182
RI,Student loan,182,182,182,164,81,23,182,157,18,122,182,182,182,182,116,182
RI,Consumer Loan,114,114,114,0,33,26,114,107,15,53,114,114,114,114,114,114
RI,Vehicle loan or lease,47,47,47,47,24,13,47,37,7,37,47,47,47,47,0,47
RI,Payday loan,45,0,45,0,9,6,45,44,6,15,45,45,45,45,45,45
RI,"Money transfer, virtual currency, or money service",24,24,24,0,15,7,24,19,2,19,24,24,24,24,0,24
RI,"Payday loan, title loan, or personal loan",19,19,19,0,10,6,19,17,1,16,19,19,19,19,0,19
RI,Money transfers,15,15,15,0,3,2,15,14,2,4,15,15,15,15,15,15
RI,Prepaid card,11,11,11,0,7,3,11,10,0,10,11,11,11,11,11,11
RI,Other financial service,8,8,8,0,6,5,8,7,2,6,8,8,8,8,8,8
SC,"Credit reporting, credit repair services, or other personal consumer reports",6001,6001,6001,5940,2178,3449,6001,5351,859,5353,6001,6001,6001,6001,0,6001
SC,Debt collection,4784,4784,4784,4784,1800,1564,4784,4227,986,3198,4784,4784,4784,4784,2250,4784
SC,Mortgage,3264,3264,3264,0,731,976,3264,3029,633,1207,3264,3264,3264,3264,2493,3264
SC,Credit reporting,2226,0,2226,2226,531,860,2226,2075,408,1171,2226,2226,2226,2226,2226,2226
SC,Credit card,915,0,915,0,208,221,915,856,177,340,915,915,915,915,915,915
SC,Bank account or service,871,871,871,0,164,306,871,813,147,247,871,871,871,871,871,871
SC,Student loan,782,782,782,725,356,103,782,681,96,592,782,782,782,782,467,782
SC,Credit card or prepaid card,664,664,664,654,303,349,664,582,139,478,664,664,664,664,0,664
SC,Consumer Loan,654,654,654,0,208,169,654,581,110,355,654,654,654,654,654,654
SC,Checking or savings account,532,532,532,531,187,359,532,474,94,284,532,532,532,532,0,532
SC,"Payday loan, title loan, or personal loan",303,303,303,25,194,95,303,225,52,253,303,303,303,303,0,303
SC,Vehicle loan or lease,231,231,231,231,120,85,231,194,62,186,231,231,231,231,0,231
SC,"Money transfer, virtual currency, or money service",114,114,114,0,68,38,114,92,25,96,114,114,114,114,0,114
SC,Payday loan,93,0,93,0,27,14,93,83,24,49,93,93,93,93,93,93
SC,Money transfers,62,62,62,0,16,14,62,59,13,30,62,62,62,62,62,62
SC,Prepaid card,62,62,62,0,30,7,62,52,13,49,62,62,62,62,62,62
SC,Other financial service,14,14,14,0,6,6,14,11,3,7,14,14,14,14,14,14
SD,Debt collection,421,421,421,421,169,141,421,333,69,252,421,421,421,421,289,421
SD,Mortgage,258,258,258,0,51,80,258,228,36,87,258,258,258,258,197,258
SD,Credit card,179,0,179,0,22,37,179,171,24,60,179,179,179,179,179,179
SD,Credit reporting,161,0,161,161,29,64,161,141,29,82,161,161,161,161,161,161
SD,"Credit reporting, credit repair services, or other personal consumer reports",150,150,150,140,71,86,150,123,27,131,150,150,150,150,0,150
SD,Student loan,106,106,106,97,52,18,106,83,13,77,106,106,106,106,63,106
SD,Bank account or service,103,103,103,0,24,36,103,92,14,42,103,103,103,103,103,103
SD,Credit card or prepaid card,77,77,77,76,34,42,77,62,14,50,77,77,77,77,0,77
SD,Consumer Loan,63,63,63,0,14,15,63,50,14,37,63,63,63,63,63,63
SD,Checking or savings account,43,43,43,43,21,32,43,32,7,29,43,43,43,43,0,43
SD,Vehicle loan or lease,30,30,30,30,11,14,30,25,9,22,30,30,30,30,0,30
SD,"Payday loan, title loan, or personal loan",19,19,19,1,13,5,19,14,3,16,19,19,19,19,0,19
SD,"Money transfer, virtual currency, or money service",14,14,14,0,3,1,14,10,4,8,14,14,14,14,0,14
SD,Payday loan,11,0,11,0,5,2,11,9,0,7,11,11,11,11,11,11
SD,Money transfers,5,5,5,0,2,0,5,4,0,2,5,5,5,5,5,5
SD,Other financial service,2,2,2,0,0,2,2,2,1,1,2,2,2,2,2,2
SD,Prepaid card,2,2,2,0,1,0,2,2,2,1,2,2,2,2,2,2
TN,"Credit reporting, credit repair services, or other personal consumer reports",5728,5728,5728,5627,2819,3205,5728,5207,805,5090,5728,5728,5728,5728,0,5728
TN,Debt collection,5273,5273,5273,5273,2296,1817,5273,4730,827,3629,5273,5273,5273,5273,2979,5273
TN,Mortgage,3832,3832,3832,0,975,1144,3832,3562,645,1452,3832,3832,3832,3832,2879,3832
TN,Credit reporting,2190,0,2190,2190,530,794,2190,2094,321,1177,2190,2190,2190,2190,2190,2190
TN,Credit card,1223,0,1223,0,268,239,1223,1160,176,425,1223,1223,1223,1223,1223,1223
TN,Bank account or service,1155,1155,1155,0,174,393,1155,1114,151,271,1155,1155,1155,1155,1155,1155
TN,Student loan,850,850,850,771,389,105,850,738,79,621,850,850,850,850,527,850
TN,Credit card or prepaid card,704,704,704,692,362,329,704,596,138,527,704,704,704,704,0,704
TN,Checking or savings account,701,701,701,701,220,521,701,634,79,316,701,701,701,701,0,701
TN,Consumer Loan,688,688,688,0,215,186,688,630,120,356,688,688,688,688,688,688
TN,"Payday loan, title loan, or personal loan",341,341,341,24,218,149,341,278,57,302,341,341,341,341,0,341
TN,Vehicle loan or lease,204,204,204,204,113,82,204,180,32,159,204,204,204,204,0,204
TN,Payday loan,196,0,196,0,71,73,196,172,28,122,196,196,196,196,196,196
TN,"Money transfer, virtual currency, or money service",163,163,163,0,94,38,163,130,26,140,163,163,163,163,0,163
TN,Prepaid card,66,66,66,0,27,13,66,56,8,39,66,66,66,66,66,66
TN,Money transfers,65,65,65,0,21,11,65,57,7,26,65,65,65,65,65,65
TN,Other financial service,25,25,25,0,5,9,25,24,6,6,25,25,25,25,25,25
TX,Debt collection,30670,30670,30670,30670,11922,10616,30670,28577,4213,22655,30670,30670,30670,30670,14946,30670
TX,"Credit reporting, credit repair services, or other personal consumer reports",29494,29494,29494,28939,13232,16989,29494,27141,3355,26584,29494,29494,29494,29494,0,29494
TX,Credit reporting,16213,0,16213,16213,3268,5581,16213,15663,1481,7617,16213,16213,16213,16213,16213,16213
TX,Mortgage,15127,15127,15127,0,4120,4358,15127,14336,2689,6405,15127,15127,15127,15127,11182,15127
TX,Credit card,5720,0,5720,0,1302,1376,5720,5489,808,2265,5720,5720,5720,5720,5720,5720
TX,Bank account or service,5177,5177,5177,0,996,1459,5177,5014,686,1573,5177,5177,5177,5177,5177,5177
TX,Credit card or prepaid card,4141,4141,4141,4091,2262,2025,4141,3770,716,3298,4141,4141,4141,4141,0,4141
TX,Checking or savings account,3414,3414,3414,3414,1360,1814,3414,3234,424,1900,3414,3414,3414,3414,0,3414
TX,Student loan,3308,3308,3308,3056,1570,425,3308,3029,439,2544,3308,3308,3308,3308,1928,3308
TX,Consumer Loan,2805,2805,2805,0,972,642,2805,2654,473,1520,2805,2805,2805,2805,2805,2805
TX,Vehicle loan or lease,1243,1243,1243,1242,740,416,1243,1091,215,1033,1243,1243,1243,1243,0,1243
TX,"Payday loan, title loan, or personal loan",1040,1040,1040,89,597,315,1040,913,177,865,1040,1040,1040,1040,0,1040
TX,"Money transfer, virtual currency, or money service",855,855,855,0,507,193,855,770,123,731,855,855,855,855,0,855
TX,Payday loan,697,0,697,0,230,129,697,659,119,416,697,697,697,697,697,697
TX,Money transfers,401,401,401,0,102,42,401,380,67,160,401,401,401,401,401,401
TX,Prepaid card,279,279,279,0,109,73,279,262,36,165,279,279,279,279,279,279
TX,Other financial service,64,64,64,0,18,24,64,63,13,29,64,64,64,64,64,64
UNITED STATES MINOR OUTLYING ISLANDS,Mortgage,11,11,11,0,8,3,11,10,1,9,11,11,11,11,0,11
UNITED STATES MINOR OUTLYING ISLANDS,"Credit reporting, credit repair services, or other personal consumer reports",10,10,10,10,4,6,10,9,4,10,10,10,10,10,0,10
UNITED STATES MINOR OUTLYING ISLANDS,Debt collection,7,7,7,7,5,2,7,6,0,7,7,7,7,7,0,7
UNITED STATES MINOR OUTLYING ISLANDS,Credit card or prepaid card,6,6,6,5,4,3,6,3,1,6,6,6,6,6,0,6
UNITED STATES MINOR OUTLYING ISLANDS,Checking or savings account,5,5,5,5,3,3,5,5,1,5,5,5,5,5,0,5
UNITED STATES MINOR OUTLYING ISLANDS,"Money transfer, virtual currency, or money service",1,1,1,0,0,0,1,1,1,1,1,1,1,1,0,1
UNITED STATES MINOR OUTLYING ISLANDS,"Payday loan, title loan, or personal loan",1,1,1,0,1,0,1,1,0,1,1,1,1,1,0,1
UNITED STATES MINOR OUTLYING ISLANDS,Student loan,1,1,1,1,1,1,1,1,0,1,1,1,1,1,0,1
UNITED STATES MINOR OUTLYING ISLANDS,Vehicle loan or lease,1,1,1,1,1,0,1,1,0,1,1,1,1,1,0,1
UT,"Credit reporting, credit repair services, or other personal consumer reports",3022,3022,3022,2968,1176,1838,3022,2869,152,2816,3022,3022,3022,3022,0,3022
UT,Debt collection,1808,1808,1808,1808,817,594,1808,1704,232,1236,1808,1808,1808,1808,960,1808
UT,Mortgage,1633,1633,1633,0,444,494,1633,1576,216,721,1633,1633,1633,1633,1259,1633
UT,Credit reporting,681,0,681,681,192,275,681,661,91,356,681,681,681,681,681,681
UT,Credit card,530,0,530,0,168,134,530,513,72,246,530,530,530,530,530,530
UT,Credit card or prepaid card,369,369,369,365,205,187,369,345,54,304,369,369,369,369,0,369
UT,Bank account or service,345,345,345,0,89,114,345,328,52,122,345,345,345,345,345,345
UT,Student loan,274,274,274,252,154,36,274,245,40,206,274,274,274,274,152,274
UT,Checking or savings account,212,212,212,212,79,128,212,205,23,114,212,212,212,212,0,212
UT,Consumer Loan,153,153,153,0,65,49,153,144,17,90,153,153,153,153,153,153
UT,"Money transfer, virtual currency, or money service",80,80,80,0,50,21,80,70,14,71,80,80,80,80,0,80
UT,"Payday loan, title loan, or personal loan",60,60,60,2,41,17,60,59,10,59,60,60,60,60,0,60
UT,Vehicle loan or lease,58,58,58,58,31,18,58,54,10,49,58,58,58,58,0,58
UT,Payday loan,28,0,28,0,10,6,28,25,4,15,28,28,28,28,28,28
UT,Money transfers,22,22,22,0,9,5,22,21,2,13,22,22,22,22,22,22
UT,Prepaid card,17,17,17,0,7,5,17,15,2,10,17,17,17,17,17,17
UT,Other financial service,4,4,4,0,1,3,4,3,0,2,4,4,4,4,4,4
VA,Mortgage,9072,9072,9072,0,2086,2537,9072,8520,1705,3335,9072,9072,9072,9072,7073,9072
VA,Debt collection,7212,7212,7212,7212,2574,2235,7212,6498,1525,4543,7212,7212,7212,7212,4284,7212
VA,"Credit reporting, credit repair services, or other personal consumer reports",6219,6219,6219,6038,2618,3358,6219,5578,1166,5434,6219,6219,6219,6219,0,6219
VA,Credit reporting,4970,0,4970,4970,886,1758,4970,4717,668,2228,4970,4970,4970,4970,4970,4970
VA,Credit card,2988,0,2988,0,629,662,2988,2828,488,1058,2988,2988,2988,2988,2988,2988
VA,Bank account or service,2485,2485,2485,0,506,902,2485,2353,344,779,2485,2485,2485,2485,2485,2485
VA,Credit card or prepaid card,1786,1786,1786,1767,906,894,1786,1517,358,1350,1786,1786,1786,1786,0,1786
VA,Student loan,1696,1696,1696,1515,745,243,1696,1506,246,1232,1696,1696,1696,1696,1031,1696
VA,Checking or savings account,1353,1353,1353,1352,528,969,1353,1232,179,760,1353,1353,1353,1353,0,1353
VA,Consumer Loan,1116,1116,1116,0,320,306,1116,1042,223,533,1116,1116,1116,1116,1116,1116
VA,Vehicle loan or lease,441,441,441,441,256,147,441,369,100,364,441,441,441,441,0,441
VA,"Payday loan, title loan, or personal loan",414,414,414,22,228,195,414,345,97,339,414,414,414,414,0,414
VA,"Money transfer, virtual currency, or money service",324,324,324,0,165,88,324,274,49,271,324,324,324,324,0,324
VA,Payday loan,210,0,210,0,72,62,210,192,38,123,210,210,210,210,210,210
VA,Money transfers,188,188,188,0,54,27,188,175,38,90,188,188,188,188,188,188
VA,Prepaid card,123,123,123,0,46,27,123,108,17,67,123,123,123,123,123,123
VA,Other financial service,48,48,48,0,7,23,48,45,6,40,48,48,48,48,48,48
VA,Virtual currency,1,1,1,0,1,1,1,0,0,1,1,1,1,1,1,1
VI,Credit reporting,52,0,52,52,1,33,52,52,3,12,52,52,52,52,52,52
VI,Mortgage,52,52,52,0,8,8,52,52,12,15,52,52,52,52,42,52
VI,Bank account or service,34,34,34,0,5,12,34,34,3,7,34,34,34,34,34,34
VI,Debt collection,33,33,33,33,9,10,33,33,3,18,33,33,33,33,25,33
VI,Credit card,31,0,31,0,7,10,31,31,6,11,31,31,31,31,31,31
VI,"Credit reporting, credit repair services, or other personal consumer reports",16,16,16,16,9,12,16,16,2,10,16,16,16,16,0,16
VI,Credit card or prepaid card,8,8,8,8,3,4,8,8,0,3,8,8,8,8,0,8
VI,Student loan,7,7,7,7,3,0,7,7,0,6,7,7,7,7,6,7
VI,Checking or savings account,5,5,5,5,3,1,5,5,0,3,5,5,5,5,0,5
VI,Consumer Loan,5,5,5,0,2,2,5,5,3,2,5,5,5,5,5,5
VI,Money transfers,5,5,5,0,0,0,5,5,0,2,5,5,5,5,5,5
VI,"Money transfer, virtual currency, or money service",1,1,1,0,0,0,1,1,0,1,1,1,1,1,0,1
VI,Vehicle loan or lease,1,1,1,1,0,0,1,1,0,0,1,1,1,1,0,1
VT,Mortgage,450,450,450,0,66,79,450,388,67,115,450,450,450,450,358,450
VT,Debt collection,230,230,230,230,65,59,230,171,34,120,230,230,230,230,168,230
VT,Credit card,204,0,204,0,33,51,204,177,43,62,204,204,204,204,204,204
VT,Bank account or service,163,163,163,0,25,19,163,143,24,35,163,163,163,163,163,163
VT,Credit reporting,154,0,154,154,23,56,154,135,20,68,154,154,154,154,154,154
VT,Student loan,152,152,152,133,62,30,152,100,11,97,152,152,152,152,100,152
VT,"Credit reporting, credit repair services, or other personal consumer reports",149,149,149,145,71,69,149,92,38,123,149,149,149,149,0,149
VT,Credit card or prepaid card,105,105,105,104,35,46,105,74,13,52,105,105,105,105,0,105
VT,Checking or savings account,58,58,58,58,18,10,58,45,3,26,58,58,58,58,0,58
VT,Consumer Loan,56,56,56,0,8,10,56,50,10,15,56,56,56,56,56,56
VT,Vehicle loan or lease,24,24,24,24,5,8,24,18,2,9,24,24,24,24,0,24
VT,"Money transfer, virtual currency, or money service",17,17,17,0,13,4,17,8,6,16,17,17,17,17,0,17
VT,"Payday loan, title loan, or personal loan",13,13,13,1,4,5,13,9,2,9,13,13,13,13,0,13
VT,Money transfers,9,9,9,0,3,1,9,6,3,4,9,9,9,9,9,9
VT,Prepaid card,7,7,7,0,1,1,7,6,1,2,7,7,7,7,7,7
VT,Other financial service,2,2,2,0,1,0,2,1,0,1,2,2,2,2,2,2
VT,Payday loan,2,0,2,0,1,0,2,1,0,1,2,2,2,2,2,2
WA,Mortgage,6827,6827,6827,0,1418,1870,6827,6473,1021,2454,6827,6827,6827,6827,5336,6827
WA,Debt collection,5050,5050,5050,5050,1798,1673,5050,4673,870,3079,5050,5050,5050,5050,3171,5050
WA,"Credit reporting, credit repair services, or other personal consumer reports",3576,3576,3576,3389,1803,1880,3576,3145,634,3175,3576,3576,3576,3576,0,3576
WA,Credit reporting,2520,0,2520,2520,650,943,2520,2409,328,1341,2520,2520,2520,2520,2520,2520
WA,Credit card,1761,0,1761,0,401,439,1761,1672,275,657,1761,1761,1761,1761,1761,1761
WA,Bank account or service,1597,1597,1597,0,285,546,1597,1536,233,440,1597,1597,1597,1597,1597,1597
WA,Student loan,1554,1554,1554,1446,555,169,1554,1444,161,836,1554,1554,1554,1554,920,1554
WA,Credit card or prepaid card,1185,1185,1185,1174,564,641,1185,1035,201,840,1185,1185,1185,1185,0,1185
WA,Checking or savings account,959,959,959,959,307,585,959,890,121,448,959,959,959,959,0,959
WA,Consumer Loan,454,454,454,0,122,108,454,428,85,215,454,454,454,454,454,454
WA,"Money transfer, virtual currency, or money service",295,295,295,0,177,71,295,258,43,255,295,295,295,295,0,295
WA,"Payday loan, title loan, or personal loan",228,228,228,13,92,82,228,211,34,136,228,228,228,228,0,228
WA,Vehicle loan or lease,168,168,168,168,75,76,168,141,38,112,168,168,168,168,0,168
WA,Money transfers,117,117,117,0,36,23,117,110,21,52,117,117,117,117,117,117
WA,Payday loan,89,0,89,0,39,16,89,78,12,62,89,89,89,89,89,89
WA,Prepaid card,83,83,83,0,29,27,83,78,6,51,83,83,83,83,83,83
WA,Other financial service,19,19,19,0,5,8,19,19,5,8,19,19,19,19,19,19
WA,Virtual currency,1,1,1,0,1,1,1,1,0,1,1,1,1,1,1,1
WI,Mortgage,2952,2952,2952,0,564,802,2952,2707,436,962,2952,2952,2952,2952,2357,2952
WI,Debt collection,2796,2796,2796,2796,936,898,2796,2446,333,1738,2796,2796,2796,2796,1575,2796
WI,"Credit reporting, credit repair services, or other personal consumer reports",2378,2378,2378,2304,1105,1321,2378,2097,208,2075,2378,2378,2378,2378,0,2378
WI,Credit card,1284,0,1284,0,250,298,1284,1190,162,435,1284,1284,1284,1284,1284,1284
WI,Credit reporting,1125,0,1125,1125,205,418,1125,1058,133,527,1125,1125,1125,1125,1125,1125
WI,Bank account or service,836,836,836,0,129,257,836,785,117,224,836,836,836,836,836,836
WI,Credit card or prepaid card,721,721,721,710,296,355,721,608,115,493,721,721,721,721,0,721
WI,Student loan,705,705,705,622,313,107,705,585,60,505,705,705,705,705,405,705
WI,Checking or savings account,456,456,456,456,149,244,456,409,40,229,456,456,456,456,0,456
WI,Consumer Loan,391,391,391,0,114,102,391,340,50,181,391,391,391,391,391,391
WI,Vehicle loan or lease,147,147,147,147,71,58,147,119,28,107,147,147,147,147,0,147
WI,"Payday loan, title loan, or personal loan",139,139,139,7,78,50,139,112,20,108,139,139,139,139,0,139
WI,"Money transfer, virtual currency, or money service",115,115,115,0,51,22,115,94,12,92,115,115,115,115,0,115
WI,Payday loan,99,0,99,0,24,23,99,89,17,50,99,99,99,99,99,99
WI,Prepaid card,67,67,67,0,27,13,67,60,8,38,67,67,67,67,67,67
WI,Money transfers,60,60,60,0,9,7,60,56,11,21,60,60,60,60,60,60
WI,Other financial service,10,10,10,0,0,4,10,10,1,2,10,10,10,10,10,10
WV,Debt collection,625,625,625,625,240,188,625,489,128,371,625,625,625,625,369,625
WV,Mortgage,540,540,540,0,95,157,540,474,89,167,540,540,540,540,424,540
WV,"Credit reporting, credit repair services, or other personal consumer reports",492,492,492,478,246,264,492,345,97,407,492,492,492,492,0,492
WV,Credit reporting,430,0,430,430,118,162,430,335,106,218,430,430,430,430,430,430
WV,Student loan,250,250,250,207,99,22,250,188,25,162,250,250,250,250,165,250
WV,Credit card,242,0,242,0,46,56,242,219,55,77,242,242,242,242,242,242
WV,Bank account or service,189,189,189,0,30,50,189,179,31,39,189,189,189,189,189,189
WV,Credit card or prepaid card,149,149,149,147,69,75,149,101,34,102,149,149,149,149,0,149
WV,Checking or savings account,114,114,114,114,24,52,114,100,19,45,114,114,114,114,0,114
WV,Consumer Loan,95,95,95,0,28,29,95,77,24,44,95,95,95,95,95,95
WV,Vehicle loan or lease,46,46,46,46,19,21,46,27,10,35,46,46,46,46,0,46
WV,"Money transfer, virtual currency, or money service",33,33,33,0,15,7,33,21,7,21,33,33,33,33,0,33
WV,Money transfers,25,25,25,0,7,4,25,19,7,10,25,25,25,25,25,25
WV,"Payday loan, title loan, or personal loan",20,20,20,1,10,10,20,13,5,14,20,20,20,20,0,20
WV,Other financial service,13,13,13,0,2,4,13,12,2,2,13,13,13,13,13,13
WV,Prepaid card,13,13,13,0,7,4,13,8,1,10,13,13,13,13,13,13
WV,Payday loan,1,0,1,0,1,0,1,1,0,1,1,1,1,1,1,1
WY,Debt collection,299,299,299,299,100,92,299,245,71,194,299,299,299,299,181,299
WY,Mortgage,256,256,256,0,74,62,256,230,57,105,256,256,256,256,187,256
WY,"Credit reporting, credit repair services, or other personal consumer reports",198,198,198,191,103,93,198,174,42,156,198,198,198,198,0,198
WY,Credit reporting,163,0,163,163,18,52,163,153,25,63,163,163,163,163,163,163
WY,Credit card,93,0,93,0,23,26,93,79,23,41,93,93,93,93,93,93
WY,Student loan,59,59,59,50,26,7,59,49,6,36,59,59,59,59,38,59
WY,Credit card or prepaid card,55,55,55,55,32,28,55,41,11,43,55,55,55,55,0,55
WY,Bank account or service,49,49,49,0,7,17,49,49,13,12,49,49,49,49,49,49
WY,Checking or savings account,36,36,36,36,11,24,36,30,10,21,36,36,36,36,0,36
WY,Consumer Loan,33,33,33,0,14,10,33,29,6,19,33,33,33,33,33,33
WY,Vehicle loan or lease,14,14,14,14,8,7,14,11,1,12,14,14,14,14,0,14
WY,"Money transfer, virtual currency, or money service",11,11,11,0,5,3,11,7,2,9,11,11,11,11,0,11
WY,Payday loan,10,0,10,0,4,0,10,8,3,5,10,10,10,10,10,10
WY,"Payday loan, title loan, or personal loan",7,7,7,0,5,2,7,4,2,6,7,7,7,7,0,7
WY,Money transfers,4,4,4,0,0,1,4,4,0,1,4,4,4,4,4,4
WY,Other financial service,3,3,3,0,1,1,3,3,1,3,3,3,3,3,3,3
